seed,intervention,region,baseline_source_target_rmse,target_change_rmse,source_distance_rmse,restoration,changed_pixel_share_1pct,dose
20261009,trained_rank4_dose_sweep,full,0.24961531521216918,0.04200349234311328,0.2489195035023772,0.002787536130147039,0.28173828125,-1.0
20261009,trained_rank4_dose_sweep,left,0.2570878112879584,0.006482213759186537,0.25607147977769595,0.003953246578166425,0.028481158088235294,-1.0
20261009,trained_rank4_dose_sweep,centre,0.2821077366654541,0.05778923502863922,0.28214902457851704,-0.00014635512499938663,0.3458858735380117,-1.0
20261009,trained_rank4_dose_sweep,right,0.2031419240049634,0.04360267821200781,0.2017999103116448,0.006606286220296909,0.4693667763157895,-1.0
20261009,trained_rank4_dose_sweep,full,0.24961531521216918,0.0,0.24961531521216918,0.0,0.0,0.0
20261009,trained_rank4_dose_sweep,left,0.2570878112879584,0.0,0.2570878112879584,0.0,0.0,0.0
20261009,trained_rank4_dose_sweep,centre,0.2821077366654541,0.0,0.2821077366654541,0.0,0.0,0.0
20261009,trained_rank4_dose_sweep,right,0.2031419240049634,0.0,0.2031419240049634,0.0,0.0,0.0
20261009,trained_rank4_dose_sweep,full,0.24961531521216918,0.021602389316910674,0.24972189745052464,-0.0004269859734562509,0.17593765258789062,0.25
20261009,trained_rank4_dose_sweep,left,0.2570878112879584,0.007231165937782443,0.25725953695309695,-0.0006679650205050347,0.008777573529411765,0.25
20261009,trained_rank4_dose_sweep,centre,0.2821077366654541,0.028876404981981376,0.28196893081926494,0.0004920313346590266,0.25687591374269003,0.25
20261009,trained_rank4_dose_sweep,right,0.2031419240049634,0.022614816171418115,0.20351038921821993,-0.0018138314632065722,0.26118192616959063,0.25
20261009,trained_rank4_dose_sweep,full,0.24961531521216918,0.043030649829556386,0.2497654119992676,-0.0006013124113433133,0.286895751953125,0.5
20261009,trained_rank4_dose_sweep,left,0.2570878112879584,0.013392787500568302,0.25771100036407596,-0.0024240319795618692,0.03969439338235294,0.5
20261009,trained_rank4_dose_sweep,centre,0.2821077366654541,0.05495814033377286,0.28132665306955557,0.002768742201582297,0.3659196820175439,0.5
20261009,trained_rank4_dose_sweep,right,0.2031419240049634,0.0484289910194141,0.203990729609818,-0.004178387149832652,0.4536275584795322,0.5
20261009,trained_rank4_dose_sweep,full,0.24961531521216918,0.06598746004642236,0.25117860412680265,-0.006262792462492506,0.4634552001953125,1.0
20261009,trained_rank4_dose_sweep,left,0.2570878112879584,0.02711644623149824,0.25873303607135417,-0.006399466295790246,0.24130284926470588,1.0
20261009,trained_rank4_dose_sweep,centre,0.2821077366654541,0.0798027537725376,0.28161487832642873,0.0017470571521752687,0.5131807383040936,1.0
20261009,trained_rank4_dose_sweep,right,0.2031419240049634,0.07705900005027409,0.20747259270115873,-0.021318438906237303,0.6345828764619883,1.0
