iteration,step_index,scheduler_timestep,loss
0,6,651,0.0012216614559292793
1,10,451,0.0008249588427133858
2,14,251,0.0009977570734918118
3,6,651,0.0010399024467915297
4,10,451,0.0006503851618617773
5,14,251,0.000713706249371171
6,6,651,0.0007911642896942794
7,10,451,0.0005034038331359625
8,14,251,0.0006603276124224067
9,6,651,0.0006332347402349114
10,10,451,0.0003986725932918489
11,14,251,0.0005299685290083289
12,6,651,0.0005884070415049791
13,10,451,0.00036560301668941975
14,14,251,0.0005174148245714605
15,6,651,0.00045157919521443546
16,10,451,0.0003209055867046118
17,14,251,0.0004500603536143899
18,6,651,0.0007927548140287399
19,10,451,0.0003396507818251848
20,14,251,0.0004247163305990398
21,6,651,0.00045567858614958823
22,10,451,0.00038069806760177016
23,14,251,0.00045386183774098754
24,6,651,0.00040548513061366975
25,10,451,0.0003351349150761962
26,14,251,0.0004228210891596973
27,6,651,0.00034189759753644466
28,10,451,0.00033445560256950557
29,14,251,0.0004016177845187485
30,6,651,0.00029248063219711185
31,10,451,0.00029051111778244376
32,14,251,0.00037513585994020104
33,6,651,0.00022505084052681923
34,10,451,0.00027812080224975944
35,14,251,0.00036893601645715535
