seed,intervention,region,baseline_source_target_rmse,target_change_rmse,source_distance_rmse,restoration,changed_pixel_share_1pct
20261009,early_activation_patch,full,0.24961531521216918,0.19560349788682357,0.1954930706546675,0.21682261167147776,0.9999542236328125
20261009,early_activation_patch,left,0.2570878112879584,0.18486956242357794,0.16270403890203136,0.36712659348991783,0.9999770220588236
20261009,early_activation_patch,centre,0.2821077366654541,0.20024580738900963,0.2648830619311012,0.06105708031247381,0.9999086257309941
20261009,early_activation_patch,right,0.2031419240049634,0.20120428371302598,0.13397125591093317,0.3405041496620863,0.9999771564327485
20261009,random_rank4_dose_1,full,0.24961531521216918,0.0234986068264899,0.25027687983649904,-0.0026503366741241763,0.17251968383789062
20261009,random_rank4_dose_1,left,0.2570878112879584,0.003122211837879895,0.2576325989629227,-0.0021190723598876193,0.005698529411764706
20261009,random_rank4_dose_1,centre,0.2821077366654541,0.03545872919344754,0.28268198516091375,-0.0020355645054168647,0.24681332236842105
20261009,random_rank4_dose_1,right,0.2031419240049634,0.01965481476341226,0.20409247203950598,-0.0046792312281109805,0.2640716374269006
20261009,gradient_aligned_rank4_dose_0.5,full,0.24961531521216918,0.1149620441351157,0.24140653914592689,0.03288570678952518,0.9881515502929688
20261009,gradient_aligned_rank4_dose_0.5,left,0.2570878112879584,0.044165650013624415,0.2541885918624545,0.011277156279713707,0.9870289522058824
20261009,gradient_aligned_rank4_dose_0.5,centre,0.2821077366654541,0.13338774411009494,0.27530763358811183,0.024104631647895447,0.9911823830409356
20261009,gradient_aligned_rank4_dose_0.5,right,0.2031419240049634,0.14085467248901748,0.1856401444909231,0.08615542852499858,0.9862367507309941
20261010,early_activation_patch,full,0.39554859061001857,0.2633986719363125,0.29157179891124524,0.2628673042126617,0.9995460510253906
20261010,early_activation_patch,left,0.3832592883771367,0.2705353109861158,0.31407010370494676,0.18052839623316852,0.9997587316176471
20261010,early_activation_patch,centre,0.3293367525861375,0.21365248625006406,0.23632393540531016,0.2824246503022768,0.9991662097953217
20261010,early_activation_patch,right,0.4625686036444054,0.29886807349322664,0.31722703698508253,0.31420542923629247,0.9997144554093568
20261010,random_rank4_dose_1,full,0.39554859061001857,0.03394737454500738,0.3948500278917459,0.0017660604407547797,0.2940826416015625
20261010,random_rank4_dose_1,left,0.3832592883771367,0.0314220467715433,0.38263407064987276,0.00163131787336801,0.29880514705882355
20261010,random_rank4_dose_1,centre,0.3293367525861375,0.022367990390646925,0.32821016162464056,0.0034207872417830743,0.23723044590643275
20261010,random_rank4_dose_1,right,0.4625686036444054,0.04436930608585751,0.46209668813375726,0.0010202065313773545,0.34623994883040937
20261010,gradient_aligned_rank4_dose_0.5,full,0.39554859061001857,0.11698857656346026,0.3929114410988523,0.006667068405171728,0.9342002868652344
20261010,gradient_aligned_rank4_dose_0.5,left,0.3832592883771367,0.12103335749482852,0.3911393241076553,-0.020560586447586404,0.8982536764705882
20261010,gradient_aligned_rank4_dose_0.5,centre,0.3293367525861375,0.10063463200977897,0.3191848330035167,0.030825346709415835,0.9556492141812866
20261010,gradient_aligned_rank4_dose_0.5,right,0.4625686036444054,0.12762526571874014,0.4563563824868355,0.01342983745249049,0.9484877558479532
20261011,early_activation_patch,full,0.21827929650092534,0.19202475630034638,0.15847241891395056,0.2739924424610799,0.9979324340820312
20261011,early_activation_patch,left,0.17134833460537968,0.15755540419313036,0.13508192668931365,0.21165311002052423,0.9986443014705882
20261011,early_activation_patch,centre,0.26354967093902143,0.21931751792967394,0.18934434629547808,0.2815610597393329,0.99906341374269
20261011,early_activation_patch,right,0.20979022781877033,0.19397467710776367,0.1456089283128545,0.3059308346876842,0.99609375
20261011,random_rank4_dose_1,full,0.21827929650092534,0.020450616262472535,0.21731610409985896,0.0044126603691078126,0.38603973388671875
20261011,random_rank4_dose_1,left,0.17134833460537968,0.030738161394119633,0.16985323573353106,0.008725494036997072,0.42937729779411765
20261011,random_rank4_dose_1,centre,0.26354967093902143,0.013532226529897775,0.26243998321345535,0.00421054491023376,0.3921326754385965
20261011,random_rank4_dose_1,right,0.20979022781877033,0.011393286096653724,0.20939564909011704,0.0018808251116164687,0.33686266447368424
20261011,gradient_aligned_rank4_dose_0.5,full,0.21827929650092534,0.11481819227188403,0.24337844945434023,-0.11498641124358078,0.9946365356445312
20261011,gradient_aligned_rank4_dose_0.5,left,0.17134833460537968,0.12093000715177202,0.19839139765503772,-0.15782507085311925,0.9965418198529412
20261011,gradient_aligned_rank4_dose_0.5,centre,0.26354967093902143,0.11450846993046343,0.28970799978925244,-0.09925388545176128,0.9959110014619883
20261011,gradient_aligned_rank4_dose_0.5,right,0.20979022781877033,0.10872820026936678,0.23300883116115043,-0.11067533308766775,0.991467927631579
20261012,early_activation_patch,full,0.18961689963329648,0.17130972596287541,0.1960645506689079,-0.03400356744615407,0.970733642578125
20261012,early_activation_patch,left,0.1879704558370427,0.2049162489051275,0.20964059432667972,-0.11528481107915978,0.9879250919117647
20261012,early_activation_patch,centre,0.2218053601967981,0.17310808433108213,0.21224081557512597,0.04312134122090616,0.9945518092105263
20261012,early_activation_patch,right,0.15274017240317292,0.1271138393629848,0.16236006674023704,-0.0629820837943762,0.9298245614035088
20261012,random_rank4_dose_1,full,0.18961689963329648,0.020372142761084913,0.19090804459916386,-0.006809229390230209,0.31870269775390625
20261012,random_rank4_dose_1,left,0.1879704558370427,0.020534038141935357,0.18838616703313205,-0.0022115773153721374,0.18623621323529413
20261012,random_rank4_dose_1,centre,0.2218053601967981,0.0198632047650329,0.22243635180025942,-0.002844798714068286,0.3586554276315789
20261012,random_rank4_dose_1,right,0.15274017240317292,0.020710328444505193,0.15609219129366272,-0.021945889138070385,0.4104417945906433
20261012,gradient_aligned_rank4_dose_0.5,full,0.18961689963329648,0.07721856084482673,0.193494181535048,-0.02044797646860519,0.6262626647949219
20261012,gradient_aligned_rank4_dose_0.5,left,0.1879704558370427,0.11916091997633015,0.1978731402770594,-0.052682132391069114,0.6000919117647059
20261012,gradient_aligned_rank4_dose_0.5,centre,0.2218053601967981,0.049575049805206425,0.2245570338984787,-0.01240580344514286,0.6721491228070176
20261012,gradient_aligned_rank4_dose_0.5,right,0.15274017240317292,0.035766959123269354,0.15083227725044532,0.012491115616208193,0.6063939144736842
