module,intervention,strength,rank,relative_norm,region,rmse,mae,mean_signed_change,changed_pixel_share_1pct
down_blocks.0.attentions.0.transformer_blocks.0.attn2.to_v,central_difference,-0.25,4,0.01,full,0.005049066238967434,0.0008695614883323121,5.904054330065328e-06,0.0187835693359375
down_blocks.0.attentions.0.transformer_blocks.0.attn2.to_v,central_difference,-0.25,4,0.01,left,0.000801552959400286,0.00011938016628219912,-1.8517517301038064e-05,0.0009650735294117647
down_blocks.0.attentions.0.transformer_blocks.0.attn2.to_v,central_difference,-0.25,4,0.01,centre,0.00827414262875447,0.0015526011208576997,2.055921052631571e-05,0.040969937865497075
down_blocks.0.attentions.0.transformer_blocks.0.attn2.to_v,central_difference,-0.25,4,0.01,right,0.002688858721370656,0.0009323161525818905,1.5527653556549302e-05,0.014311494883040937
down_blocks.0.attentions.0.transformer_blocks.0.attn2.to_v,central_difference,0.25,4,0.01,full,0.004229053388242302,0.0008352092668121937,-1.4012155969158356e-06,0.018321990966796875
down_blocks.0.attentions.0.transformer_blocks.0.attn2.to_v,central_difference,0.25,4,0.01,left,0.0008099586596132364,0.00012106221164936562,1.4402513456362951e-05,0.0009995404411764705
down_blocks.0.attentions.0.transformer_blocks.0.attn2.to_v,central_difference,0.25,4,0.01,centre,0.006716777045002859,0.001416271308718419,8.36104422275757e-07,0.038400036549707604
down_blocks.0.attentions.0.transformer_blocks.0.attn2.to_v,central_difference,0.25,4,0.01,right,0.0027897665161705676,0.0009641179815005924,-1.934984520123837e-05,0.015465095029239767
up_blocks.1.attentions.2.transformer_blocks.0.attn2.to_v,central_difference,-0.25,4,0.01,full,0.008997552024077994,0.002075823615579044,6.000793058108649e-05,0.0617828369140625
up_blocks.1.attentions.2.transformer_blocks.0.attn2.to_v,central_difference,-0.25,4,0.01,left,0.0018371616754558852,0.00035695405613225676,6.04935601691655e-05,0.0034811580882352943
up_blocks.1.attentions.2.transformer_blocks.0.attn2.to_v,central_difference,-0.25,4,0.01,centre,0.014133717659871033,0.0035042927989909415,8.579028589993496e-05,0.10767315423976608
up_blocks.1.attentions.2.transformer_blocks.0.attn2.to_v,central_difference,-0.25,4,0.01,right,0.006267136554983466,0.0023561721228452393,3.374278561327058e-05,0.07385325292397661
up_blocks.1.attentions.2.transformer_blocks.0.attn2.to_v,central_difference,0.25,4,0.01,full,0.007997388474821596,0.0018528209013097426,-5.253311855341086e-05,0.053859710693359375
up_blocks.1.attentions.2.transformer_blocks.0.attn2.to_v,central_difference,0.25,4,0.01,left,0.001303098172377574,0.0003178765378700499,-7.70436851211071e-05,0.0016314338235294118
up_blocks.1.attentions.2.transformer_blocks.0.attn2.to_v,central_difference,0.25,4,0.01,centre,0.012473537505943093,0.003064994577265604,-2.0977262737453605e-05,0.09512061403508772
up_blocks.1.attentions.2.transformer_blocks.0.attn2.to_v,central_difference,0.25,4,0.01,right,0.005850074358834223,0.0021666153059664408,-5.9721744448266636e-05,0.06452165570175439
mid_block.attentions.0.transformer_blocks.0.attn2.to_v,central_difference,-0.25,4,0.01,full,0.003283955509193786,0.0007942648494944853,-4.8668555964052225e-06,0.021427154541015625
mid_block.attentions.0.transformer_blocks.0.attn2.to_v,central_difference,-0.25,4,0.01,left,0.0006319090830683715,9.146121683967704e-05,9.761870434448284e-06,0.00033318014705882354
mid_block.attentions.0.transformer_blocks.0.attn2.to_v,central_difference,-0.25,4,0.01,centre,0.0045292264528737055,0.0012100670555746666,-3.777400336352848e-06,0.038400036549707604
mid_block.attentions.0.transformer_blocks.0.attn2.to_v,central_difference,-0.25,4,0.01,right,0.0033733008603442547,0.001077156313305049,-2.049948878186751e-05,0.025424890350877194
mid_block.attentions.0.transformer_blocks.0.attn2.to_v,central_difference,0.25,4,0.01,full,0.0036805586017112516,0.0007755154877706292,5.086263020833318e-06,0.02022552490234375
mid_block.attentions.0.transformer_blocks.0.attn2.to_v,central_difference,0.25,4,0.01,left,0.0006408399585113147,9.153630815071123e-05,-1.1398861014994223e-05,0.0004365808823529412
mid_block.attentions.0.transformer_blocks.0.attn2.to_v,central_difference,0.25,4,0.01,centre,0.005509992486030735,0.0012585312511944348,1.5930775331575108e-05,0.03866273757309942
mid_block.attentions.0.transformer_blocks.0.attn2.to_v,central_difference,0.25,4,0.01,right,0.003129220998958315,0.0009724790257233498,1.0630470511791412e-05,0.021461531432748537
up_blocks.1.attentions.2.transformer_blocks.0.attn2.to_v,lora_dose,-1.0,4,0.01,full,0.02554625134412304,0.00770880007276348,0.00018863054661968914,0.20229339599609375
up_blocks.1.attentions.2.transformer_blocks.0.attn2.to_v,lora_dose,-1.0,4,0.01,left,0.00452343557288735,0.0013165909746251441,0.00028669862552864207,0.008432904411764705
up_blocks.1.attentions.2.transformer_blocks.0.attn2.to_v,lora_dose,-1.0,4,0.01,centre,0.03304417466448687,0.010932961147421932,0.0001211754194855327,0.27453399122807015
up_blocks.1.attentions.2.transformer_blocks.0.attn2.to_v,lora_dose,-1.0,4,0.01,right,0.02901305126901497,0.01083946675648817,0.0001585910923823719,0.3227796052631579
up_blocks.1.attentions.2.transformer_blocks.0.attn2.to_v,lora_dose,-0.5,4,0.01,full,0.014610123029514298,0.003931571611391953,0.00010713066150939522,0.11826705932617188
up_blocks.1.attentions.2.transformer_blocks.0.attn2.to_v,lora_dose,-0.5,4,0.01,left,0.0029710909030703126,0.0006882118656286043,0.0001352394511726255,0.0049977022058823525
up_blocks.1.attentions.2.transformer_blocks.0.attn2.to_v,lora_dose,-0.5,4,0.01,centre,0.021440900784286607,0.0061620895921721515,0.00012380317624125666,0.18174342105263158
up_blocks.1.attentions.2.transformer_blocks.0.attn2.to_v,lora_dose,-0.5,4,0.01,right,0.01306257326911329,0.0049254463603180055,6.251373600122294e-05,0.16739766081871346
up_blocks.1.attentions.2.transformer_blocks.0.attn2.to_v,lora_dose,0.0,4,0.01,full,0.0,0.0,0.0,0.0
up_blocks.1.attentions.2.transformer_blocks.0.attn2.to_v,lora_dose,0.0,4,0.01,left,0.0,0.0,0.0,0.0
up_blocks.1.attentions.2.transformer_blocks.0.attn2.to_v,lora_dose,0.0,4,0.01,centre,0.0,0.0,0.0,0.0
up_blocks.1.attentions.2.transformer_blocks.0.attn2.to_v,lora_dose,0.0,4,0.01,right,0.0,0.0,0.0,0.0
up_blocks.1.attentions.2.transformer_blocks.0.attn2.to_v,lora_dose,0.5,4,0.01,full,0.014344366480417146,0.0035671807582082315,-0.00010038388320823106,0.1037445068359375
up_blocks.1.attentions.2.transformer_blocks.0.attn2.to_v,lora_dose,0.5,4,0.01,left,0.00200006902391993,0.0006181516724336791,-0.00015649029219530917,0.0035271139705882353
up_blocks.1.attentions.2.transformer_blocks.0.attn2.to_v,lora_dose,0.5,4,0.01,centre,0.022173525505539252,0.00587635090585942,-3.066711577418477e-05,0.1641310307017544
up_blocks.1.attentions.2.transformer_blocks.0.attn2.to_v,lora_dose,0.5,4,0.01,right,0.010974386239459531,0.004189793912204258,-0.00011432234931009437,0.14298930921052633
up_blocks.1.attentions.2.transformer_blocks.0.attn2.to_v,lora_dose,1.0,4,0.01,full,0.0234986068264899,0.006474129670585682,-0.00018969267801521614,0.17251968383789062
up_blocks.1.attentions.2.transformer_blocks.0.attn2.to_v,lora_dose,1.0,4,0.01,left,0.003122211837879895,0.0011880046136101496,-0.0003276384083044975,0.005698529411764706
up_blocks.1.attentions.2.transformer_blocks.0.attn2.to_v,lora_dose,1.0,4,0.01,centre,0.03545872919344754,0.010483032455184803,-2.1007123609677592e-05,0.24681332236842105
up_blocks.1.attentions.2.transformer_blocks.0.attn2.to_v,lora_dose,1.0,4,0.01,right,0.01965481476341226,0.007720438930932997,-0.00022123920230860368,0.2640716374269006
