condition,patched_calls,region,baseline_source_target_rmse,target_change_rmse,target_change_mae,source_distance_rmse,source_distance_mae,restoration,changed_pixel_share_1pct
identity_control,20,full,0.24961531521216918,0.0,0.0,0.24961531521216918,0.18728336508757146,0.0,0.0
identity_control,20,left,0.2570878112879584,0.0,0.0,0.2570878112879584,0.20392700523836987,0.0,0.0
identity_control,20,centre,0.2821077366654541,0.0,0.0,0.2821077366654541,0.1981404739039865,0.0,0.0
identity_control,20,right,0.2031419240049634,0.0,0.0,0.2031419240049634,0.1598799473493101,0.0,0.0
source_into_target_early,7,full,0.24961531521216918,0.19560349788682357,0.14838119706297234,0.1954930706546675,0.12481928308025685,0.21682261167147776,0.9999542236328125
source_into_target_early,7,left,0.2570878112879584,0.18486956242357794,0.14807749723663977,0.16270403890203136,0.10920870278258361,0.36712659348991783,0.9999770220588236
source_into_target_early,7,centre,0.2821077366654541,0.20024580738900963,0.14125252622979015,0.2648830619311012,0.18051563156939188,0.06105708031247381,0.9999086257309941
source_into_target_early,7,right,0.2031419240049634,0.20120428371302598,0.15581179170011084,0.13397125591093317,0.08464222494553376,0.3405041496620863,0.9999771564327485
source_into_target_middle,7,full,0.24961531521216918,0.12227352620591105,0.05887966280669168,0.2630472375701278,0.19764028810987286,-0.05381048973914804,0.7336921691894531
source_into_target_middle,7,left,0.2570878112879584,0.03146213832249787,0.014586667387543256,0.25878523956795113,0.20307571006343714,-0.006602523361527668,0.6774471507352942
source_into_target_middle,7,centre,0.2821077366654541,0.13163948739045475,0.06256388733612353,0.29113840333001756,0.20566951957439894,-0.03201141085780557,0.6271472953216374
source_into_target_middle,7,right,0.2031419240049634,0.16264065256651097,0.09922941033138401,0.23629890252321334,0.18420742078507815,-0.16322075652606216,0.8961531432748538
source_into_target_late,6,full,0.24961531521216918,0.0437132452431363,0.018381764530356413,0.25093481095608094,0.188470458984375,-0.005286116930726781,0.4815940856933594
source_into_target_late,6,left,0.2570878112879584,0.014837855378322938,0.006821925461361014,0.2579737865627585,0.2048518598615917,-0.0034461971198149755,0.29113051470588236
source_into_target_late,6,centre,0.2821077366654541,0.05075760898609713,0.021706928080686468,0.28296163008112096,0.19900932077265604,-0.003026834448994542,0.5062477156432749
source_into_target_late,6,right,0.2031419240049634,0.05409398815994415,0.02654883865095746,0.20568915359581824,0.16164599398482593,-0.01253916247634157,0.6462902046783626
