intervention,strength,region,baseline_source_target_rmse,target_change_rmse,target_change_mae,source_distance_rmse,restoration,changed_pixel_share_1pct
gradient_aligned_rank4,-1.0,full,0.24961531521216918,0.1371018737219303,0.07371076197406046,0.25413934080837636,-0.018123990478556395,0.9614028930664062
gradient_aligned_rank4,-1.0,left,0.2570878112879584,0.10027449280397562,0.04321784289696271,0.2501163454953175,0.027117060733899412,0.9471622242647059
gradient_aligned_rank4,-1.0,centre,0.2821077366654541,0.14965493544763686,0.08106878929690786,0.2888787830025318,-0.024001632911994086,0.9577051352339181
gradient_aligned_rank4,-1.0,right,0.2031419240049634,0.15455767599636114,0.09666733256411726,0.21849350750513816,-0.07557073004684,0.9792580409356725
gradient_aligned_rank4,-0.5,full,0.24961531521216918,0.11406242988046654,0.06168708551942912,0.25431291946536455,-0.018819375122085313,0.9634475708007812
gradient_aligned_rank4,-0.5,left,0.2570878112879584,0.04671265340111205,0.03009996155324875,0.2481398905069419,0.0348049202962567,0.9336741727941177
gradient_aligned_rank4,-0.5,centre,0.2821077366654541,0.13990745477559857,0.07624083868440164,0.2900516587216262,-0.02815917829858261,0.9795550073099415
gradient_aligned_rank4,-0.5,right,0.2031419240049634,0.13119155168461402,0.07853573629744295,0.21978096982070608,-0.0819084780123287,0.9769394188596491
gradient_aligned_rank4,-0.1,full,0.24961531521216918,0.061441618470899455,0.024619218414905025,0.24943099854380574,0.0007384028828790745,0.41910552978515625
gradient_aligned_rank4,-0.1,left,0.2570878112879584,0.017731924871811234,0.006120362360630528,0.2562276532304482,0.003345775333342127,0.1358455882352941
gradient_aligned_rank4,-0.1,centre,0.2821077366654541,0.07967966106085554,0.03401583342888812,0.2833880294521449,-0.004538311504051817,0.47554596125730997
gradient_aligned_rank4,-0.1,right,0.2031419240049634,0.06813009736905501,0.03361327901043458,0.20175773035488218,0.006813924092042178,0.6442685489766082
gradient_aligned_rank4,0.0,full,0.24961531521216918,0.0,0.0,0.24961531521216918,0.0,0.0
gradient_aligned_rank4,0.0,left,0.2570878112879584,0.0,0.0,0.2570878112879584,0.0,0.0
gradient_aligned_rank4,0.0,centre,0.2821077366654541,0.0,0.0,0.2821077366654541,0.0,0.0
gradient_aligned_rank4,0.0,right,0.2031419240049634,0.0,0.0,0.2031419240049634,0.0,0.0
gradient_aligned_rank4,0.1,full,0.24961531521216918,0.07594838667687817,0.028616033815870096,0.24876813993083033,0.003393923488303474,0.4566688537597656
gradient_aligned_rank4,0.1,left,0.2570878112879584,0.010935907527596479,0.005506070381584005,0.25727251688642855,-0.000718453346912229,0.33630514705882353
gradient_aligned_rank4,0.1,centre,0.2821077366654541,0.0917432560719357,0.03707687144058404,0.28118353758917725,0.0032760500906532375,0.44684301900584794
gradient_aligned_rank4,0.1,right,0.2031419240049634,0.09346133250723802,0.043130013640446434,0.20106864399543753,0.0102060666190954,0.5861545138888888
gradient_aligned_rank4,0.25,full,0.24961531521216918,0.10123827345734097,0.04682953279781965,0.2453446909359054,0.017108823121024463,0.7396430969238281
gradient_aligned_rank4,0.25,left,0.2570878112879584,0.022940956715134866,0.014347636726259128,0.2573868224342236,-0.0011630700995401977,0.7642578125
gradient_aligned_rank4,0.25,centre,0.2821077366654541,0.11855268590361476,0.056426686780950204,0.27612049478217826,0.021223245962856963,0.7062545687134503
gradient_aligned_rank4,0.25,right,0.2031419240049634,0.12692390689128952,0.069524322277644,0.19526123880259616,0.03879398721346505,0.7485608552631579
gradient_aligned_rank4,0.5,full,0.24961531521216918,0.1149620441351157,0.05987048678927951,0.24140653914592689,0.03288570678952518,0.9881515502929688
gradient_aligned_rank4,0.5,left,0.2570878112879584,0.044165650013624415,0.02592031910803537,0.2541885918624545,0.011277156279713707,0.9870289522058824
gradient_aligned_rank4,0.5,centre,0.2821077366654541,0.13338774411009494,0.06808932820204106,0.27530763358811183,0.024104631647895447,0.9911823830409356
gradient_aligned_rank4,0.5,right,0.2031419240049634,0.14085467248901748,0.08540327406547413,0.1856401444909231,0.08615542852499858,0.9862367507309941
gradient_aligned_rank4,1.0,full,0.24961531521216918,0.13598173244675094,0.07616252525179994,0.24603743917869597,0.014333559743447855,0.9977798461914062
gradient_aligned_rank4,1.0,left,0.2570878112879584,0.055649729643594235,0.037756602028066126,0.26067236344361255,-0.013942909769608658,0.994921875
gradient_aligned_rank4,1.0,centre,0.2821077366654541,0.14612629672139754,0.07752829019034514,0.2766488592534055,0.019350328624706092,0.9991776315789473
gradient_aligned_rank4,1.0,right,0.2031419240049634,0.17587860435308714,0.11297808749474449,0.1927743719317164,0.051036004133709456,0.9992233187134503
