architecture,band,normalised_frequency,mean_energy_share,sd_energy_share,mean_power_density_share
relu_mlp,1,0.0625,0.7041934707107242,0.09465929980054436,0.865626244346939
relu_mlp,2,0.125,0.11981490393159287,0.04495750538665467,0.07629032980519566
relu_mlp,3,0.1875,0.05379946078748575,0.015200317768553163,0.02721242656029673
relu_mlp,4,0.25,0.02956647547731179,0.009964329567504588,0.01253333287572047
relu_mlp,5,0.3125,0.02001011324943071,0.0062344219834386625,0.005077181869255752
relu_mlp,6,0.375,0.013814068677663303,0.004642354916135183,0.0039032322499046035
relu_mlp,7,0.4375,0.01073786756292122,0.0035240899686206193,0.0022736505906831915
relu_mlp,8,0.5,0.008618876916910146,0.002873363312622309,0.001565082244745275
relu_mlp,9,0.5625,0.007141509374570303,0.002390326839766566,0.001296837318541226
relu_mlp,10,0.625,0.00620387751282267,0.002085283810076932,0.0009278752179396966
relu_mlp,11,0.6875,0.005468051174620019,0.0018391301872247071,0.0008689107529102507
relu_mlp,12,0.75,0.005021790588488957,0.0016963231325700305,0.0006384983492289229
relu_mlp,13,0.8125,0.0046866818196357905,0.0015757414270732334,0.0005180367083843197
relu_mlp,14,0.875,0.004443357648061996,0.0015034601566208266,0.0005136104311238769
relu_mlp,15,0.9375,0.004310695737603495,0.0014554237081638216,0.0004566766465986919
relu_mlp,16,1.0,0.0021687988301568118,0.0007327569703587688,0.0002980740325321691
tanh_mlp,1,0.0625,0.727023031218243,0.0490536896813613,0.881871766632818
tanh_mlp,2,0.125,0.10673349076268618,0.023410981322288155,0.06541919499006063
tanh_mlp,3,0.1875,0.04994486935874247,0.007802522516212686,0.02443423625099025
tanh_mlp,4,0.25,0.0282008367090861,0.0046860793581256395,0.011502622598811577
tanh_mlp,5,0.3125,0.018560828240137734,0.003041496216637475,0.0045418883873153265
tanh_mlp,6,0.375,0.013322995953314333,0.0021991953319095217,0.003622556100295069
tanh_mlp,7,0.4375,0.01020785064117629,0.0016837123824315586,0.0020816401288386347
tanh_mlp,8,0.5,0.008210359832442974,0.0013545346846806816,0.0014351152301167707
tanh_mlp,9,0.5625,0.0068654084983616305,0.001134134831763996,0.001200032957192249
tanh_mlp,10,0.625,0.005932214769016232,0.0009797179354626422,0.0008539293911312533
tanh_mlp,11,0.6875,0.005271091041644007,0.0008711808439128097,0.0008061871558967307
tanh_mlp,12,0.75,0.0048026534576266055,0.0007934449385763315,0.0005876322665784323
tanh_mlp,13,0.8125,0.004476368603409647,0.0007391452845236534,0.0004762677703736564
tanh_mlp,14,0.875,0.004260496038414875,0.0007040932848862505,0.0004739061352293617
tanh_mlp,15,0.9375,0.0041379683346426804,0.0006837806807083478,0.00042192041108503385
tanh_mlp,16,1.0,0.002049536541055351,0.0003381465738328658,0.00027110359326714886
gaussian_mlp,1,0.0625,0.8001015562854951,0.129452954796792,0.9057691568830034
gaussian_mlp,2,0.125,0.10469381639826257,0.07508352106314559,0.06389002307374876
gaussian_mlp,3,0.1875,0.029226200849720906,0.019262618454939442,0.014276092276652589
gaussian_mlp,4,0.25,0.015738745772764746,0.011383421386970606,0.006438442490781714
gaussian_mlp,5,0.3125,0.010952956539531095,0.008372664838820116,0.002696337394900224
gaussian_mlp,6,0.375,0.0073620560998526015,0.005614157984463568,0.0020123366771098673
gaussian_mlp,7,0.4375,0.005773777103821462,0.004492257370005511,0.0011848928912724288
gaussian_mlp,8,0.5,0.004692014132406481,0.003690631320611095,0.0008257826286858944
gaussian_mlp,9,0.5625,0.0038450232688205404,0.0030191743719248172,0.0006765506116393147
gaussian_mlp,10,0.625,0.003368400130516464,0.002666218781631089,0.0004883159007615048
gaussian_mlp,11,0.6875,0.0029532433716863847,0.002333148463184656,0.0004548008027852164
gaussian_mlp,12,0.75,0.0027291465951013168,0.0021698053086751505,0.0003363612077189852
gaussian_mlp,13,0.8125,0.0025833674814324603,0.002066813054419506,0.00027697182147072113
gaussian_mlp,14,0.875,0.0024135499846327426,0.001920786699549143,0.00027042646654818115
gaussian_mlp,15,0.9375,0.002352534899501099,0.0018752337794525733,0.00024164749215367992
gaussian_mlp,16,1.0,0.0012136110864541618,0.0009804469119991308,0.00016186138076724896
relu_layernorm_mlp,1,0.0625,0.7561327753118375,0.060067954872894555,0.8944938757660443
relu_layernorm_mlp,2,0.125,0.09245938553895275,0.04523941651341078,0.05584529049138788
relu_layernorm_mlp,3,0.1875,0.05522019988468068,0.01394226672792751,0.026330582299096267
relu_layernorm_mlp,4,0.25,0.0239251797139555,0.008059831575182648,0.009584904223008813
relu_layernorm_mlp,5,0.3125,0.01868950172104522,0.004399247943549152,0.004462427892892944
relu_layernorm_mlp,6,0.375,0.01014217735957289,0.0027333373891278573,0.0027012951814931164
relu_layernorm_mlp,7,0.4375,0.00896821678000731,0.0020073574637098374,0.0017830326691660346
relu_layernorm_mlp,8,0.5,0.006398892658888905,0.0016368789624838546,0.0010943841945007906
relu_layernorm_mlp,9,0.5625,0.00535823649202889,0.0011581654062082958,0.000912249834885044
relu_layernorm_mlp,10,0.625,0.004432412483419935,0.001121265789643123,0.0006235651037328075
relu_layernorm_mlp,11,0.6875,0.003941045524066083,0.0008849640243813867,0.0005868926896798297
relu_layernorm_mlp,12,0.75,0.0034953477854190182,0.0008785014352092979,0.00041767956476409086
relu_layernorm_mlp,13,0.8125,0.0033036082329981216,0.0007592081738568964,0.00034236992229243847
relu_layernorm_mlp,14,0.875,0.0030400012049222125,0.0007793776995904538,0.0003300243819746677
relu_layernorm_mlp,15,0.9375,0.002978132893723164,0.0007054553136438132,0.00029572384763220516
relu_layernorm_mlp,16,1.0,0.001514886414481588,0.0004010892187203161,0.0001957019374483166
siren_mlp,1,0.0625,0.14695134138745813,0.08212989690917297,0.2971601554276557
siren_mlp,2,0.125,0.2981051869546106,0.10829561337670073,0.3172427759790485
siren_mlp,3,0.1875,0.28440157210527756,0.10101785729707204,0.24735896689894185
siren_mlp,4,0.25,0.1005757821686985,0.044090077396065255,0.07288377079796543
siren_mlp,5,0.3125,0.06260404712648669,0.020151963834737056,0.027039238227591952
siren_mlp,6,0.375,0.03337907252987984,0.010169638409583188,0.015963154584672918
siren_mlp,7,0.4375,0.025266863733025804,0.008386089832091615,0.00914461272233856
siren_mlp,8,0.5,0.016566989486507797,0.00529850273064986,0.005115997947623174
siren_mlp,9,0.5625,0.009295838389592158,0.0027991652367413923,0.0028721853076848747
siren_mlp,10,0.625,0.006444403325069746,0.0018945231973363844,0.0016415260901701011
siren_mlp,11,0.6875,0.004154152577879011,0.001265541787171587,0.0011203475320390752
siren_mlp,12,0.75,0.0035095403047957093,0.0010547627570300056,0.0007593900216985572
siren_mlp,13,0.8125,0.0029797852401576026,0.000891814413549076,0.0005595985132693071
siren_mlp,14,0.875,0.002399918954806903,0.0007460365323042667,0.00047123719959514965
siren_mlp,15,0.9375,0.0022169927441040675,0.0007027263271214442,0.0003989808515727112
siren_mlp,16,1.0,0.0011485129716499768,0.00037483797801882905,0.00026806189813207104
fourier_relu_mlp,1,0.0625,0.1606186725398803,0.09762185795822272,0.38652099877195195
fourier_relu_mlp,2,0.125,0.17348876663098264,0.08800373656648748,0.2293186708077747
fourier_relu_mlp,3,0.1875,0.03606308368327979,0.020942276773842434,0.03815176806923329
fourier_relu_mlp,4,0.25,0.19049250384535021,0.08799477079935664,0.17196714385279616
fourier_relu_mlp,5,0.3125,0.03951576913601489,0.01674202685733563,0.021226545400522438
fourier_relu_mlp,6,0.375,0.032598306415445324,0.01347108001636379,0.019131942353570443
fourier_relu_mlp,7,0.4375,0.029918373000940933,0.01212166670921023,0.013524683058754094
fourier_relu_mlp,8,0.5,0.18261921582690957,0.07190216446591295,0.07179870731202058
fourier_relu_mlp,9,0.5625,0.04224552853441198,0.01711680671737329,0.0163391162822627
fourier_relu_mlp,10,0.625,0.026721904786903027,0.009870149052752106,0.008503963062614757
fourier_relu_mlp,11,0.6875,0.02069834839097699,0.009103932331489897,0.0070435001914277845
fourier_relu_mlp,12,0.75,0.021512788817440922,0.008777558745814288,0.005796727124525478
fourier_relu_mlp,13,0.8125,0.01364862899741967,0.004162293793879126,0.0031981479776557937
fourier_relu_mlp,14,0.875,0.00986471234598028,0.0031929311814446956,0.002431703279669481
fourier_relu_mlp,15,0.9375,0.01212552810497564,0.003995985877709054,0.00274647588457533
fourier_relu_mlp,16,1.0,0.00786786894308783,0.0032097686098499943,0.002299906570645137
convolutional_relu,1,0.0625,0.6847369791285604,0.07849146176149066,0.8534056275310028
convolutional_relu,2,0.125,0.13514893297371494,0.0438115667942409,0.08634776662158795
convolutional_relu,3,0.1875,0.055864857740776826,0.013340550877813679,0.028364648081871106
convolutional_relu,4,0.25,0.03140961045177273,0.00832294177699461,0.013344154714027936
convolutional_relu,5,0.3125,0.020894982324109457,0.005363597924292277,0.005320387159467538
convolutional_relu,6,0.375,0.014014103383913254,0.0037820303603885433,0.003969175599819459
convolutional_relu,7,0.4375,0.010744458802953652,0.0028082152766710283,0.0022807270259331087
convolutional_relu,8,0.5,0.008538691982658934,0.002288915137924247,0.0015541731599359142
convolutional_relu,9,0.5625,0.0069933228325967075,0.0018470382591262709,0.001272202798560447
convolutional_relu,10,0.625,0.006072110381461866,0.00161686955352875,0.0009096083973207822
convolutional_relu,11,0.6875,0.005332330059931702,0.0014522376407099602,0.0008485916794307476
convolutional_relu,12,0.75,0.004898192315341717,0.0013587735408828773,0.0006235294945836997
convolutional_relu,13,0.8125,0.004596370516059092,0.001343957163571574,0.0005088088772636932
convolutional_relu,14,0.875,0.00435994516042694,0.001336824924610599,0.0005046062878148557
convolutional_relu,15,0.9375,0.004257577828464807,0.0013503714358584513,0.00045180127504336134
convolutional_relu,16,1.0,0.002137534117257055,0.0006915690353060135,0.0002941912963368584
residual_convolutional_relu,1,0.0625,0.6888132503428095,0.08389120261564936,0.8582586418000735
residual_convolutional_relu,2,0.125,0.12564457997824033,0.037143760354669944,0.08032967827071912
residual_convolutional_relu,3,0.1875,0.055545706154007994,0.014201411036872107,0.028316878039652098
residual_convolutional_relu,4,0.25,0.031700523694796603,0.008720148357339747,0.013501607580501618
residual_convolutional_relu,5,0.3125,0.02107373058591453,0.0058752086266366235,0.005384762498673078
residual_convolutional_relu,6,0.375,0.014877236476888421,0.0042742070172418455,0.004227286473587962
residual_convolutional_relu,7,0.4375,0.011380451987686635,0.0033092488063293916,0.002425463744173424
residual_convolutional_relu,8,0.5,0.00917824587158698,0.002671693324782785,0.0016765453253892188
residual_convolutional_relu,9,0.5625,0.007588079301334285,0.0022246942293700014,0.0013862031590671973
residual_convolutional_relu,10,0.625,0.006565285033621475,0.001913415384072125,0.0009874168953268366
residual_convolutional_relu,11,0.6875,0.005809154904170995,0.0016946542749390109,0.0009281977436159729
residual_convolutional_relu,12,0.75,0.005301018355205656,0.0015481977519068324,0.0006774274461400731
residual_convolutional_relu,13,0.8125,0.004966928490973503,0.0014662470574568925,0.0005518808517885311
residual_convolutional_relu,14,0.875,0.004695403468228596,0.0014014895476645278,0.0005453164612721737
residual_convolutional_relu,15,0.9375,0.004574396941181004,0.001381078886797904,0.00048699933953356414
residual_convolutional_relu,16,1.0,0.0022860084133534517,0.0006942472619622657,0.0003156943704856088
