shape,colour,position,texture,training_count,learned_probability,true_probability
circle,red,left,solid,3029,0.10084718962733642,0.09728533333333332
circle,red,left,stripes,638,0.021254639569913948,0.022890666666666663
circle,red,left,dots,682,0.022719328905976933,0.022890666666666663
circle,red,centre,solid,1079,0.035934821324545195,0.035224
circle,red,centre,stripes,248,0.008272165909355703,0.008287999999999998
circle,red,centre,dots,268,0.00893793378938433,0.008287999999999998
circle,red,right,solid,1041,0.0346698623524908,0.035224
circle,red,right,stripes,247,0.008238877515354272,0.008287999999999998
circle,red,right,dots,228,0.007606398029327075,0.008287999999999998
circle,green,left,solid,137,0.004577154175196818,0.004021333333333333
circle,green,left,stripes,498,0.016594264409713552,0.017090666666666667
circle,green,left,dots,131,0.0043774238111882295,0.004021333333333333
circle,green,centre,solid,40,0.0013481799570579716,0.001456
circle,green,centre,stripes,188,0.006274862269269819,0.006188000000000001
circle,green,centre,dots,41,0.0013814683510594032,0.001456
circle,green,right,solid,47,0.0015811987150679916,0.001456
circle,green,right,stripes,192,0.006408015845275544,0.006188000000000001
circle,green,right,dots,46,0.00154791032106656,0.001456
circle,blue,left,solid,120,0.004011251477172484,0.004021333333333333
circle,blue,left,stripes,127,0.004244270235182503,0.004021333333333333
circle,blue,left,dots,503,0.01676070637972071,0.017090666666666667
circle,blue,centre,solid,41,0.0013814683510594032,0.001456
circle,blue,centre,stripes,49,0.0016477755030708543,0.001456
circle,blue,centre,dots,173,0.0057755363592483485,0.006188000000000001
circle,blue,right,solid,35,0.0011817379870508148,0.001456
circle,blue,right,stripes,37,0.0012483147750536776,0.001456
circle,blue,right,dots,194,0.0064745926332784075,0.006188000000000001
square,red,left,solid,193,0.006441304239276976,0.006188000000000001
square,red,left,stripes,37,0.0012483147750536776,0.001456
square,red,left,dots,43,0.0014480451390622658,0.001456
square,red,centre,solid,477,0.015895208135683493,0.017090666666666667
square,red,centre,stripes,142,0.004743596145203975,0.004021333333333333
square,red,centre,dots,125,0.004177693447179641,0.004021333333333333
square,red,right,solid,181,0.006041843511259799,0.006188000000000001
square,red,right,stripes,35,0.0011817379870508148,0.001456
square,red,right,dots,51,0.0017143522910737171,0.001456
square,green,left,solid,268,0.00893793378938433,0.008287999999999998
square,green,left,stripes,1029,0.034270401624473625,0.035224
square,green,left,dots,247,0.008238877515354272,0.008287999999999998
square,green,centre,solid,661,0.02202027263194687,0.022890666666666663
square,green,centre,stripes,2924,0.09735190825718613,0.09728533333333332
square,green,centre,dots,676,0.022519598541968344,0.022890666666666663
square,green,right,solid,251,0.008372031091359998,0.008287999999999998
square,green,right,stripes,1058,0.035235765050515136,0.035224
square,green,right,dots,249,0.008305454303357135,0.008287999999999998
square,blue,left,solid,53,0.00178092907907658,0.001456
square,blue,left,stripes,52,0.0017476406850751485,0.001456
square,blue,left,dots,188,0.006274862269269819,0.006188000000000001
square,blue,centre,solid,133,0.004444000599191092,0.004021333333333333
square,blue,centre,stripes,136,0.004543865781195386,0.004021333333333333
square,blue,centre,dots,501,0.016694129591717847,0.017090666666666667
square,blue,right,solid,31,0.0010485844110450892,0.001456
square,blue,right,stripes,43,0.0014480451390622658,0.001456
square,blue,right,dots,177,0.005908689935254074,0.006188000000000001
triangle,red,left,solid,184,0.006141708693264094,0.006188000000000001
triangle,red,left,stripes,41,0.0013814683510594032,0.001456
triangle,red,left,dots,41,0.0013814683510594032,0.001456
triangle,red,centre,solid,209,0.006973918543299878,0.006188000000000001
triangle,red,centre,stripes,42,0.0014147567450608345,0.001456
triangle,red,centre,dots,41,0.0013814683510594032,0.001456
triangle,red,right,solid,520,0.017326609077745043,0.017090666666666667
triangle,red,right,stripes,124,0.0041444050531782095,0.004021333333333333
triangle,red,right,dots,120,0.004011251477172484,0.004021333333333333
triangle,green,left,solid,50,0.0016810638970722858,0.001456
triangle,green,left,stripes,173,0.0057755363592483485,0.006188000000000001
triangle,green,left,dots,42,0.0014147567450608345,0.001456
triangle,green,centre,solid,49,0.0016477755030708543,0.001456
triangle,green,centre,stripes,196,0.006541169421281271,0.006188000000000001
triangle,green,centre,dots,44,0.0014813335330636974,0.001456
triangle,green,right,solid,131,0.0043774238111882295,0.004021333333333333
triangle,green,right,stripes,495,0.016494399227709258,0.017090666666666667
triangle,green,right,dots,130,0.004344135417186798,0.004021333333333333
triangle,blue,left,solid,241,0.008039147151345682,0.008287999999999998
triangle,blue,left,stripes,288,0.00960370166941296,0.008287999999999998
triangle,blue,left,dots,1043,0.034736439140493666,0.035224
triangle,blue,centre,solid,230,0.007672974817329938,0.008287999999999998
triangle,blue,centre,stripes,238,0.00793928196934139,0.008287999999999998
triangle,blue,centre,dots,1051,0.03500274629250512,0.035224
triangle,blue,right,solid,677,0.022552886935969775,0.022890666666666663
triangle,blue,right,stripes,728,0.024250595030042777,0.022890666666666663
triangle,blue,right,dots,2852,0.09495514388908308,0.09728533333333332
