scenario,band,normalised_frequency,prompt_variance,model_prior_variance,seed_variance,prompt_model_correlation,band_information_bits,prompt_shapley_bits,model_prior_shapley_bits,seed_shapley_bits,prompt_share,model_prior_share,seed_share,efficiency_error_bits
balanced_white,1,0.015625,0.015625,0.015625,0.015625,0.0,2.1961587113893803,0.73205290379646,0.73205290379646,0.73205290379646,0.3333333333333333,0.3333333333333333,0.3333333333333333,4.440892098500626e-16
balanced_white,2,0.03125,0.015625,0.015625,0.015625,0.0,2.1961587113893803,0.73205290379646,0.73205290379646,0.73205290379646,0.3333333333333333,0.3333333333333333,0.3333333333333333,4.440892098500626e-16
balanced_white,3,0.046875,0.015625,0.015625,0.015625,0.0,2.1961587113893803,0.73205290379646,0.73205290379646,0.73205290379646,0.3333333333333333,0.3333333333333333,0.3333333333333333,4.440892098500626e-16
balanced_white,4,0.0625,0.015625,0.015625,0.015625,0.0,2.1961587113893803,0.73205290379646,0.73205290379646,0.73205290379646,0.3333333333333333,0.3333333333333333,0.3333333333333333,4.440892098500626e-16
balanced_white,5,0.078125,0.015625,0.015625,0.015625,0.0,2.1961587113893803,0.73205290379646,0.73205290379646,0.73205290379646,0.3333333333333333,0.3333333333333333,0.3333333333333333,4.440892098500626e-16
balanced_white,6,0.09375,0.015625,0.015625,0.015625,0.0,2.1961587113893803,0.73205290379646,0.73205290379646,0.73205290379646,0.3333333333333333,0.3333333333333333,0.3333333333333333,4.440892098500626e-16
balanced_white,7,0.109375,0.015625,0.015625,0.015625,0.0,2.1961587113893803,0.73205290379646,0.73205290379646,0.73205290379646,0.3333333333333333,0.3333333333333333,0.3333333333333333,4.440892098500626e-16
balanced_white,8,0.125,0.015625,0.015625,0.015625,0.0,2.1961587113893803,0.73205290379646,0.73205290379646,0.73205290379646,0.3333333333333333,0.3333333333333333,0.3333333333333333,4.440892098500626e-16
balanced_white,9,0.140625,0.015625,0.015625,0.015625,0.0,2.1961587113893803,0.73205290379646,0.73205290379646,0.73205290379646,0.3333333333333333,0.3333333333333333,0.3333333333333333,4.440892098500626e-16
balanced_white,10,0.15625,0.015625,0.015625,0.015625,0.0,2.1961587113893803,0.73205290379646,0.73205290379646,0.73205290379646,0.3333333333333333,0.3333333333333333,0.3333333333333333,4.440892098500626e-16
balanced_white,11,0.171875,0.015625,0.015625,0.015625,0.0,2.1961587113893803,0.73205290379646,0.73205290379646,0.73205290379646,0.3333333333333333,0.3333333333333333,0.3333333333333333,4.440892098500626e-16
balanced_white,12,0.1875,0.015625,0.015625,0.015625,0.0,2.1961587113893803,0.73205290379646,0.73205290379646,0.73205290379646,0.3333333333333333,0.3333333333333333,0.3333333333333333,4.440892098500626e-16
balanced_white,13,0.203125,0.015625,0.015625,0.015625,0.0,2.1961587113893803,0.73205290379646,0.73205290379646,0.73205290379646,0.3333333333333333,0.3333333333333333,0.3333333333333333,4.440892098500626e-16
balanced_white,14,0.21875,0.015625,0.015625,0.015625,0.0,2.1961587113893803,0.73205290379646,0.73205290379646,0.73205290379646,0.3333333333333333,0.3333333333333333,0.3333333333333333,4.440892098500626e-16
balanced_white,15,0.234375,0.015625,0.015625,0.015625,0.0,2.1961587113893803,0.73205290379646,0.73205290379646,0.73205290379646,0.3333333333333333,0.3333333333333333,0.3333333333333333,4.440892098500626e-16
balanced_white,16,0.25,0.015625,0.015625,0.015625,0.0,2.1961587113893803,0.73205290379646,0.73205290379646,0.73205290379646,0.3333333333333333,0.3333333333333333,0.3333333333333333,4.440892098500626e-16
balanced_white,17,0.265625,0.015625,0.015625,0.015625,0.0,2.1961587113893803,0.73205290379646,0.73205290379646,0.73205290379646,0.3333333333333333,0.3333333333333333,0.3333333333333333,4.440892098500626e-16
balanced_white,18,0.28125,0.015625,0.015625,0.015625,0.0,2.1961587113893803,0.73205290379646,0.73205290379646,0.73205290379646,0.3333333333333333,0.3333333333333333,0.3333333333333333,4.440892098500626e-16
balanced_white,19,0.296875,0.015625,0.015625,0.015625,0.0,2.1961587113893803,0.73205290379646,0.73205290379646,0.73205290379646,0.3333333333333333,0.3333333333333333,0.3333333333333333,4.440892098500626e-16
balanced_white,20,0.3125,0.015625,0.015625,0.015625,0.0,2.1961587113893803,0.73205290379646,0.73205290379646,0.73205290379646,0.3333333333333333,0.3333333333333333,0.3333333333333333,4.440892098500626e-16
balanced_white,21,0.328125,0.015625,0.015625,0.015625,0.0,2.1961587113893803,0.73205290379646,0.73205290379646,0.73205290379646,0.3333333333333333,0.3333333333333333,0.3333333333333333,4.440892098500626e-16
balanced_white,22,0.34375,0.015625,0.015625,0.015625,0.0,2.1961587113893803,0.73205290379646,0.73205290379646,0.73205290379646,0.3333333333333333,0.3333333333333333,0.3333333333333333,4.440892098500626e-16
balanced_white,23,0.359375,0.015625,0.015625,0.015625,0.0,2.1961587113893803,0.73205290379646,0.73205290379646,0.73205290379646,0.3333333333333333,0.3333333333333333,0.3333333333333333,4.440892098500626e-16
balanced_white,24,0.375,0.015625,0.015625,0.015625,0.0,2.1961587113893803,0.73205290379646,0.73205290379646,0.73205290379646,0.3333333333333333,0.3333333333333333,0.3333333333333333,4.440892098500626e-16
balanced_white,25,0.390625,0.015625,0.015625,0.015625,0.0,2.1961587113893803,0.73205290379646,0.73205290379646,0.73205290379646,0.3333333333333333,0.3333333333333333,0.3333333333333333,4.440892098500626e-16
balanced_white,26,0.40625,0.015625,0.015625,0.015625,0.0,2.1961587113893803,0.73205290379646,0.73205290379646,0.73205290379646,0.3333333333333333,0.3333333333333333,0.3333333333333333,4.440892098500626e-16
balanced_white,27,0.421875,0.015625,0.015625,0.015625,0.0,2.1961587113893803,0.73205290379646,0.73205290379646,0.73205290379646,0.3333333333333333,0.3333333333333333,0.3333333333333333,4.440892098500626e-16
balanced_white,28,0.4375,0.015625,0.015625,0.015625,0.0,2.1961587113893803,0.73205290379646,0.73205290379646,0.73205290379646,0.3333333333333333,0.3333333333333333,0.3333333333333333,4.440892098500626e-16
balanced_white,29,0.453125,0.015625,0.015625,0.015625,0.0,2.1961587113893803,0.73205290379646,0.73205290379646,0.73205290379646,0.3333333333333333,0.3333333333333333,0.3333333333333333,4.440892098500626e-16
balanced_white,30,0.46875,0.015625,0.015625,0.015625,0.0,2.1961587113893803,0.73205290379646,0.73205290379646,0.73205290379646,0.3333333333333333,0.3333333333333333,0.3333333333333333,4.440892098500626e-16
balanced_white,31,0.484375,0.015625,0.015625,0.015625,0.0,2.1961587113893803,0.73205290379646,0.73205290379646,0.73205290379646,0.3333333333333333,0.3333333333333333,0.3333333333333333,4.440892098500626e-16
balanced_white,32,0.5,0.015625,0.015625,0.015625,0.0,2.1961587113893803,0.73205290379646,0.73205290379646,0.73205290379646,0.3333333333333333,0.3333333333333333,0.3333333333333333,4.440892098500626e-16
balanced_white,33,0.515625,0.015625,0.015625,0.015625,0.0,2.1961587113893803,0.73205290379646,0.73205290379646,0.73205290379646,0.3333333333333333,0.3333333333333333,0.3333333333333333,4.440892098500626e-16
balanced_white,34,0.53125,0.015625,0.015625,0.015625,0.0,2.1961587113893803,0.73205290379646,0.73205290379646,0.73205290379646,0.3333333333333333,0.3333333333333333,0.3333333333333333,4.440892098500626e-16
balanced_white,35,0.546875,0.015625,0.015625,0.015625,0.0,2.1961587113893803,0.73205290379646,0.73205290379646,0.73205290379646,0.3333333333333333,0.3333333333333333,0.3333333333333333,4.440892098500626e-16
balanced_white,36,0.5625,0.015625,0.015625,0.015625,0.0,2.1961587113893803,0.73205290379646,0.73205290379646,0.73205290379646,0.3333333333333333,0.3333333333333333,0.3333333333333333,4.440892098500626e-16
balanced_white,37,0.578125,0.015625,0.015625,0.015625,0.0,2.1961587113893803,0.73205290379646,0.73205290379646,0.73205290379646,0.3333333333333333,0.3333333333333333,0.3333333333333333,4.440892098500626e-16
balanced_white,38,0.59375,0.015625,0.015625,0.015625,0.0,2.1961587113893803,0.73205290379646,0.73205290379646,0.73205290379646,0.3333333333333333,0.3333333333333333,0.3333333333333333,4.440892098500626e-16
balanced_white,39,0.609375,0.015625,0.015625,0.015625,0.0,2.1961587113893803,0.73205290379646,0.73205290379646,0.73205290379646,0.3333333333333333,0.3333333333333333,0.3333333333333333,4.440892098500626e-16
balanced_white,40,0.625,0.015625,0.015625,0.015625,0.0,2.1961587113893803,0.73205290379646,0.73205290379646,0.73205290379646,0.3333333333333333,0.3333333333333333,0.3333333333333333,4.440892098500626e-16
balanced_white,41,0.640625,0.015625,0.015625,0.015625,0.0,2.1961587113893803,0.73205290379646,0.73205290379646,0.73205290379646,0.3333333333333333,0.3333333333333333,0.3333333333333333,4.440892098500626e-16
balanced_white,42,0.65625,0.015625,0.015625,0.015625,0.0,2.1961587113893803,0.73205290379646,0.73205290379646,0.73205290379646,0.3333333333333333,0.3333333333333333,0.3333333333333333,4.440892098500626e-16
balanced_white,43,0.671875,0.015625,0.015625,0.015625,0.0,2.1961587113893803,0.73205290379646,0.73205290379646,0.73205290379646,0.3333333333333333,0.3333333333333333,0.3333333333333333,4.440892098500626e-16
balanced_white,44,0.6875,0.015625,0.015625,0.015625,0.0,2.1961587113893803,0.73205290379646,0.73205290379646,0.73205290379646,0.3333333333333333,0.3333333333333333,0.3333333333333333,4.440892098500626e-16
balanced_white,45,0.703125,0.015625,0.015625,0.015625,0.0,2.1961587113893803,0.73205290379646,0.73205290379646,0.73205290379646,0.3333333333333333,0.3333333333333333,0.3333333333333333,4.440892098500626e-16
balanced_white,46,0.71875,0.015625,0.015625,0.015625,0.0,2.1961587113893803,0.73205290379646,0.73205290379646,0.73205290379646,0.3333333333333333,0.3333333333333333,0.3333333333333333,4.440892098500626e-16
balanced_white,47,0.734375,0.015625,0.015625,0.015625,0.0,2.1961587113893803,0.73205290379646,0.73205290379646,0.73205290379646,0.3333333333333333,0.3333333333333333,0.3333333333333333,4.440892098500626e-16
balanced_white,48,0.75,0.015625,0.015625,0.015625,0.0,2.1961587113893803,0.73205290379646,0.73205290379646,0.73205290379646,0.3333333333333333,0.3333333333333333,0.3333333333333333,4.440892098500626e-16
balanced_white,49,0.765625,0.015625,0.015625,0.015625,0.0,2.1961587113893803,0.73205290379646,0.73205290379646,0.73205290379646,0.3333333333333333,0.3333333333333333,0.3333333333333333,4.440892098500626e-16
balanced_white,50,0.78125,0.015625,0.015625,0.015625,0.0,2.1961587113893803,0.73205290379646,0.73205290379646,0.73205290379646,0.3333333333333333,0.3333333333333333,0.3333333333333333,4.440892098500626e-16
balanced_white,51,0.796875,0.015625,0.015625,0.015625,0.0,2.1961587113893803,0.73205290379646,0.73205290379646,0.73205290379646,0.3333333333333333,0.3333333333333333,0.3333333333333333,4.440892098500626e-16
balanced_white,52,0.8125,0.015625,0.015625,0.015625,0.0,2.1961587113893803,0.73205290379646,0.73205290379646,0.73205290379646,0.3333333333333333,0.3333333333333333,0.3333333333333333,4.440892098500626e-16
balanced_white,53,0.828125,0.015625,0.015625,0.015625,0.0,2.1961587113893803,0.73205290379646,0.73205290379646,0.73205290379646,0.3333333333333333,0.3333333333333333,0.3333333333333333,4.440892098500626e-16
balanced_white,54,0.84375,0.015625,0.015625,0.015625,0.0,2.1961587113893803,0.73205290379646,0.73205290379646,0.73205290379646,0.3333333333333333,0.3333333333333333,0.3333333333333333,4.440892098500626e-16
balanced_white,55,0.859375,0.015625,0.015625,0.015625,0.0,2.1961587113893803,0.73205290379646,0.73205290379646,0.73205290379646,0.3333333333333333,0.3333333333333333,0.3333333333333333,4.440892098500626e-16
balanced_white,56,0.875,0.015625,0.015625,0.015625,0.0,2.1961587113893803,0.73205290379646,0.73205290379646,0.73205290379646,0.3333333333333333,0.3333333333333333,0.3333333333333333,4.440892098500626e-16
balanced_white,57,0.890625,0.015625,0.015625,0.015625,0.0,2.1961587113893803,0.73205290379646,0.73205290379646,0.73205290379646,0.3333333333333333,0.3333333333333333,0.3333333333333333,4.440892098500626e-16
balanced_white,58,0.90625,0.015625,0.015625,0.015625,0.0,2.1961587113893803,0.73205290379646,0.73205290379646,0.73205290379646,0.3333333333333333,0.3333333333333333,0.3333333333333333,4.440892098500626e-16
balanced_white,59,0.921875,0.015625,0.015625,0.015625,0.0,2.1961587113893803,0.73205290379646,0.73205290379646,0.73205290379646,0.3333333333333333,0.3333333333333333,0.3333333333333333,4.440892098500626e-16
balanced_white,60,0.9375,0.015625,0.015625,0.015625,0.0,2.1961587113893803,0.73205290379646,0.73205290379646,0.73205290379646,0.3333333333333333,0.3333333333333333,0.3333333333333333,4.440892098500626e-16
balanced_white,61,0.953125,0.015625,0.015625,0.015625,0.0,2.1961587113893803,0.73205290379646,0.73205290379646,0.73205290379646,0.3333333333333333,0.3333333333333333,0.3333333333333333,4.440892098500626e-16
balanced_white,62,0.96875,0.015625,0.015625,0.015625,0.0,2.1961587113893803,0.73205290379646,0.73205290379646,0.73205290379646,0.3333333333333333,0.3333333333333333,0.3333333333333333,4.440892098500626e-16
balanced_white,63,0.984375,0.015625,0.015625,0.015625,0.0,2.1961587113893803,0.73205290379646,0.73205290379646,0.73205290379646,0.3333333333333333,0.3333333333333333,0.3333333333333333,4.440892098500626e-16
balanced_white,64,1.0,0.015625,0.015625,0.015625,0.0,2.1961587113893803,0.73205290379646,0.73205290379646,0.73205290379646,0.3333333333333333,0.3333333333333333,0.3333333333333333,4.440892098500626e-16
red_model,1,0.015625,0.015625,0.6137113544489008,0.015625,0.0,4.054741689923229,0.5738783279304579,2.9069850340623127,0.5738783279304579,0.1415326479012584,0.7169347041974831,0.1415326479012584,0.0
red_model,2,0.03125,0.015625,0.1534278386122252,0.015625,0.0,3.1591211573859557,0.5974617352409076,1.9641976869041402,0.5974617352409076,0.18912276721139842,0.6217544655772032,0.18912276721139842,0.0
red_model,3,0.046875,0.015625,0.06819015049432231,0.015625,0.0,2.7202734413785112,0.629121667040176,1.4620301072981592,0.629121667040176,0.23127148082634139,0.5374570383473173,0.23127148082634139,0.0
red_model,4,0.0625,0.015625,0.0383569596530563,0.015625,0.0,2.4700591603963584,0.6629226672923715,1.1442138258116152,0.6629226672923715,0.26838331563928836,0.4632333687214232,0.26838331563928836,0.0
red_model,5,0.078125,0.015625,0.024548454177956033,0.015625,0.0,2.3163475848224735,0.6953198749521827,0.9257078349181078,0.6953198749521827,0.3001794201820849,0.3996411596358302,0.3001794201820849,0.0
red_model,6,0.09375,0.015625,0.017047537623580578,0.015625,0.0,2.2167117460533685,0.7247579283844507,0.767195889284467,0.7247579283844507,0.32695181485585983,0.34609637028828033,0.32695181485585983,0.0
red_model,7,0.109375,0.015625,0.01252472151936532,0.015625,0.0,2.1492270518391834,0.7508195299377372,0.6475879919637091,0.7508195299377372,0.34934397894128005,0.30131204211743984,0.34934397894128005,0.0
red_model,8,0.125,0.015625,0.009589239913264075,0.015625,0.0,2.1017862704218584,0.7736168127419389,0.5545526449379806,0.7736168127419389,0.36807587128574354,0.2638482574285129,0.36807587128574354,4.440892098500626e-16
red_model,9,0.140625,0.015625,0.007576683388258034,0.015625,0.0,2.0673590199647265,0.7934648762728228,0.4804292674190809,0.7934648762728228,0.3838060388206597,0.2323879223586806,0.3838060388206597,0.0
red_model,10,0.15625,0.015625,0.006137113544489008,0.015625,0.0,2.0416847774616387,0.8107295684626622,0.42022564053631417,0.8107295684626622,0.3970885111219844,0.20582297775603112,0.3970885111219844,0.0
red_model,11,0.171875,0.015625,0.005071994664866949,0.015625,0.0,2.0220827013093636,0.8257635737744067,0.37055555376055005,0.8257635737744067,0.4083727996088875,0.18325440078222488,0.4083727996088875,0.0
red_model,12,0.1875,0.015625,0.004261884405895144,0.015625,0.0,2.006808725147692,0.8388833042898983,0.3290421165678954,0.8388833042898983,0.41801856538577703,0.16396286922844597,0.41801856538577703,0.0
red_model,13,0.203125,0.015625,0.003631428132833732,0.015625,0.0,1.994694078456258,0.8503635313000629,0.2939670158561321,0.8503635313000629,0.4263127566700253,0.14737448665994954,0.4263127566700253,0.0
red_model,14,0.21875,0.015625,0.00313118037984133,0.015625,0.0,1.9849345801154106,0.8604392048256171,0.2640561704641764,0.860439204825617,0.43348491856874616,0.13303016286250768,0.4334849185687461,2.220446049250313e-16
red_model,15,0.234375,0.015625,0.0027276060197728926,0.015625,0.0,1.9769637347667985,0.8693097999720328,0.23834413482273292,0.8693097999720328,0.43971964921985585,0.12056070156028828,0.43971964921985585,0.0
red_model,16,0.25,0.015625,0.0023973099783160187,0.015625,0.0,1.9703739981581394,0.8771442033617368,0.21608559143466588,0.8771442033617368,0.44516635125193044,0.10966729749613918,0.44516635125193044,2.220446049250313e-16
red_model,17,0.265625,0.015625,0.0021235687005152276,0.015625,0.0,1.9648665928919555,0.8840853435091653,0.19669590587362482,0.8840853435091652,0.4499467529792643,0.10010649404147143,0.44994675297926423,2.220446049250313e-16
red_model,18,0.28125,0.015625,0.0018941708470645085,0.015625,0.0,1.9602187285963981,0.8902542900330139,0.1797101485303703,0.8902542900330139,0.4541606898483593,0.09167862030328144,0.4541606898483593,0.0
red_model,19,0.296875,0.015625,0.0017000314527670381,0.015625,0.0,1.9562617081427391,0.895753768242304,0.16475417165813103,0.895753768242304,0.457890559588127,0.08421888082374594,0.457890559588127,0.0
red_model,20,0.3125,0.015625,0.001534278386122252,0.015625,0.0,1.9528660048882558,0.9006711242967538,0.1515237562947482,0.9006711242967538,0.4612047739283017,0.07759045214339653,0.4612047739283017,0.0
red_model,21,0.328125,0.015625,0.0013916357243739248,0.015625,0.0,1.9499309011387493,0.9050808064211577,0.1397692882964337,0.9050808064211577,0.4641604509639779,0.07167909807204408,0.4641604509639779,2.220446049250313e-16
red_model,22,0.34375,0.015625,0.0012679986662167372,0.015625,0.0,1.9473771706453589,0.9090464329761441,0.1292843046930707,0.9090464329761441,0.4668055303713389,0.0663889392573222,0.4668055303713389,0.0
red_model,23,0.359375,0.015625,0.0011601348855366745,0.015625,0.0,1.945141829845206,0.9126225134977415,0.11989680284972279,0.9126225134977415,0.4691804471504105,0.06163910569917884,0.4691804471504105,2.220446049250313e-16
red_model,24,0.375,0.015625,0.001065471101473786,0.015625,0.0,1.9431743187455948,0.9158558807303252,0.1114625572849444,0.9158558807303251,0.47131946521480933,0.057361069570381326,0.4713194652148093,0.0
red_model,25,0.390625,0.015625,0.0009819381671182412,0.015625,0.0,1.9414336851563458,0.9187868830425261,0.10385991907129367,0.918786883042526,0.47325174692667143,0.05349650614665714,0.4732517469266714,0.0
red_model,26,0.40625,0.015625,0.000907857033208433,0.015625,0.0,1.9398864832113518,0.9214503785851852,0.0969857260409814,0.9214503785851852,0.4750022161398774,0.049995567720245174,0.4750022161398774,0.0
red_model,27,0.421875,0.015625,0.0008418537098064483,0.015625,0.0,1.9385051871678278,0.9238765655158503,0.09075205613612711,0.9238765655158503,0.47659225862874355,0.04681548274251286,0.47659225862874355,2.220446049250313e-16
red_model,28,0.4375,0.015625,0.0007827950949603325,0.015625,0.0,1.9372669815143093,0.9260916766359186,0.08508362824247202,0.9260916766359186,0.4780402936057981,0.04391941278840382,0.4780402936057981,0.0
red_model,29,0.453125,0.015625,0.0007297400171806192,0.015625,0.0,1.936152829058659,0.9281185617892105,0.079915705480238,0.9281185617892105,0.4793622424116457,0.04127551517670862,0.4793622424116457,0.0
red_model,30,0.46875,0.015625,0.0006819015049432231,0.015625,0.0,1.9351467465622176,0.9299771772328151,0.0751923920965874,0.9299771772328151,0.4805719147061673,0.03885617058766549,0.4805719147061673,0.0
red_model,31,0.484375,0.015625,0.0006386174343901153,0.015625,0.0,1.9342352368847757,0.9316849977833942,0.07086524131798709,0.9316849977833942,0.4816813281118483,0.03663734377630336,0.4816813281118483,2.220446049250313e-16
red_model,32,0.5,0.015625,0.0005993274945790047,0.015625,0.0,1.9334068402611106,0.9332573647445808,0.06689211077194916,0.9332573647445808,0.4827009739029073,0.03459805219418549,0.4827009739029073,0.0
red_model,33,0.515625,0.015625,0.0005635549627629943,0.015625,0.0,1.9326517770543263,0.934707780328202,0.06323621639792218,0.934707780328202,0.48364003874140626,0.032719922517187444,0.48364003874140626,2.220446049250313e-16
red_model,34,0.53125,0.015625,0.0005308921751288069,0.015625,0.0,1.931961661331052,0.9360481574039808,0.05986534652309017,0.9360481574039808,0.484506590446043,0.030986819107913923,0.484506590446043,0.0
red_model,35,0.546875,0.015625,0.0005009888607746129,0.015625,0.0,1.9313292696934714,0.9372890318740803,0.0567512059453109,0.9372890318740803,0.4853077342025894,0.02938453159482127,0.4853077342025894,0.0
red_model,36,0.5625,0.015625,0.00047354271176612713,0.015625,0.0,1.9307483535398222,0.9384397437082715,0.05386886612327918,0.9384397437082715,0.48604974438421344,0.027900511231573152,0.48604974438421344,0.0
red_model,37,0.578125,0.015625,0.00044829171252658935,0.015625,0.0,1.9302134856930377,0.9395085916415977,0.05119630240984227,0.9395085916415976,0.48673817616825416,0.02652364766349168,0.4867381761682541,2.220446049250313e-16
red_model,38,0.59375,0.015625,0.00042500786319175953,0.015625,0.0,1.9297199344052476,0.9405029656874841,0.04871400303027935,0.9405029656874841,0.4873779603553473,0.025244079289305433,0.4873779603553473,2.220446049250313e-16
red_model,39,0.609375,0.015625,0.0004034920147593036,0.015625,0.0,1.9292635593034315,0.9414294609212552,0.04640463746092105,0.9414294609212552,0.4879734841729775,0.024053031654045046,0.4879734841729775,0.0
red_model,40,0.625,0.015625,0.000383569596530563,0.015625,0.0,1.9288407250236246,0.9422939754142765,0.04425277419507145,0.9422939754142765,0.4885286603447961,0.022942679310407776,0.4885286603447961,2.220446049250313e-16
red_model,41,0.640625,0.015625,0.0003650870639196317,0.015625,0.0,1.928448229184745,0.9431017947248721,0.042244639735000714,0.9431017947248721,0.48904698630337107,0.0219060273932579,0.48904698630337107,0.0
red_model,42,0.65625,0.015625,0.0003479089310934812,0.015625,0.0,1.928083242048707,0.9438576649604741,0.04036791212775879,0.9438576649604741,0.48953159509729843,0.02093680980540311,0.48953159509729843,2.220446049250313e-16
red_model,43,0.671875,0.015625,0.00033191528093504645,0.015625,0.0,1.9277432557524397,0.9445658561012034,0.038611543550032865,0.9445658561012034,0.48998529927810275,0.020029401443794417,0.48998529927810275,0.0
red_model,44,0.6875,0.015625,0.0003169996665541843,0.015625,0.0,1.9274260414175943,0.9452302170061406,0.036965607405312864,0.9452302170061406,0.49041062883582154,0.019178742328356833,0.49041062883582154,2.220446049250313e-16
red_model,45,0.703125,0.015625,0.00030306733553032137,0.015625,0.0,1.9271296127733046,0.9458542233000393,0.0354211661732259,0.9458542233000393,0.4908098640749306,0.01838027185013872,0.4908098640749306,2.220446049250313e-16
red_model,46,0.71875,0.015625,0.00029003372138416863,0.015625,0.0,1.9268521951872688,0.9464410191521025,0.033970156883063804,0.9464410191521025,0.49118506417671487,0.017629871646570316,0.49118506417671487,0.0
red_model,47,0.734375,0.015625,0.0002778231572878682,0.015625,0.0,1.9265921992065753,0.9469934538031246,0.032605291600326,0.9469934538031246,0.4915380920742454,0.01692381585150909,0.4915380920742454,2.220446049250313e-16
red_model,48,0.75,0.015625,0.0002663677753684465,0.015625,0.0,1.9263481978740138,0.9475141135674163,0.03131997073918093,0.9475141135674163,0.491870636166985,0.016258727666029826,0.491870636166985,2.220446049250313e-16
red_model,49,0.765625,0.015625,0.00025560656161970047,0.015625,0.0,1.9261189072172482,0.9480053499270864,0.03010820736307534,0.9480053499270864,0.4921842293198362,0.01563154136032756,0.4921842293198362,0.0
red_model,50,0.78125,0.015625,0.0002454845417795603,0.015625,0.0,1.925903169414201,0.9484693042448551,0.02896456092449077,0.9484693042448551,0.49248026552308416,0.015039468953831606,0.49248026552308416,2.220446049250313e-16
red_model,51,0.796875,0.015625,0.0002359520778350253,0.015625,0.0,1.9256999382236697,0.9489079295446599,0.027884079134349996,0.9489079295446599,0.4927600145326714,0.014479970934657247,0.4927600145326714,0.0
red_model,52,0.8125,0.015625,0.00022696425830210826,0.015625,0.0,1.9255082663397836,0.9493230097444486,0.02686224685088626,0.9493230097444486,0.4930246347625531,0.013950730474893756,0.4930246347625531,2.220446049250313e-16
red_model,53,0.828125,0.015625,0.00021848036826233565,0.015625,0.0,1.9253272943856625,0.9497161766707389,0.02589494104418448,0.9497161766707389,0.49327518466088977,0.013449630678220397,0.49327518466088977,2.220446049250313e-16
red_model,54,0.84375,0.015625,0.00021046342745161206,0.015625,0.0,1.9251562413081023,0.9500889251381117,0.02497839103187882,0.9500889251381116,0.49351263276820934,0.012974734463581274,0.4935126327682093,0.0
red_model,55,0.859375,0.015625,0.00020287978659467795,0.015625,0.0,1.9249943959733122,0.9504426263374105,0.02410914329849116,0.9504426263374105,0.49373786662732044,0.012524266745359088,0.49373786662732044,0.0
red_model,56,0.875,0.015625,0.00019569877374008314,0.015625,0.0,1.9248411097952478,0.950778539742936,0.023284030309375807,0.9507785397429359,0.49395170069080335,0.012096598618393293,0.4939517006908033,0.0
red_model,57,0.890625,0.015625,0.000188892383640782,0.015625,0.0,1.9246957902541824,0.9510978237203729,0.022500142813436676,0.9510978237203729,0.49415488335160096,0.011690233296798153,0.49415488335160096,0.0
red_model,58,0.90625,0.015625,0.0001824350042951548,0.015625,0.0,1.9245578951848386,0.9514015449928477,0.021754805199143117,0.9514015449928477,0.49434810320500805,0.011303793589983813,0.49434810320500805,2.220446049250313e-16
red_model,59,0.921875,0.015625,0.00017630317565323205,0.015625,0.0,1.9244269277314916,0.9516906871016545,0.021045553528182395,0.9516906871016545,0.49453199463567293,0.010936010728654076,0.49453199463567293,2.220446049250313e-16
red_model,60,0.9375,0.015625,0.00017047537623580579,0.015625,0.0,1.9243024318825692,0.9519661579803401,0.020370115921888927,0.9519661579803401,0.494707142810717,0.010585714378566048,0.494707142810717,0.0
red_model,61,0.953125,0.015625,0.0001649318340362539,0.015625,0.0,1.924183988509962,0.9522287967455015,0.019726395018958863,0.9522287967455015,0.49487408814937844,0.010251823701243076,0.49487408814937844,0.0
red_model,62,0.96875,0.015625,0.00015965435859752883,0.015625,0.0,1.9240712118489411,0.9524793797944476,0.01911245226004591,0.9524793797944476,0.4950333303304092,0.009933339339181604,0.4950333303304092,0.0
red_model,63,0.984375,0.015625,0.00015462619159710276,0.015625,0.0,1.9239637463635781,0.9527186262885177,0.01852649378654278,0.9527186262885177,0.49518533189059327,0.009629336218813431,0.49518533189059327,0.0
red_model,64,1.0,0.015625,0.00014983187364475117,0.015625,0.0,1.923861263950203,0.9529472030910171,0.017966857768168962,0.9529472030910171,0.4953305214609711,0.009338957078057793,0.4953305214609711,0.0
red_prompt,1,0.015625,0.6137113544489008,0.015625,0.015625,0.0,4.054741689923229,2.9069850340623127,0.5738783279304579,0.5738783279304579,0.7169347041974831,0.1415326479012584,0.1415326479012584,0.0
red_prompt,2,0.03125,0.1534278386122252,0.015625,0.015625,0.0,3.1591211573859557,1.9641976869041402,0.5974617352409076,0.5974617352409076,0.6217544655772032,0.18912276721139842,0.18912276721139842,0.0
red_prompt,3,0.046875,0.06819015049432231,0.015625,0.015625,0.0,2.7202734413785112,1.4620301072981592,0.629121667040176,0.629121667040176,0.5374570383473173,0.23127148082634139,0.23127148082634139,0.0
red_prompt,4,0.0625,0.0383569596530563,0.015625,0.015625,0.0,2.4700591603963584,1.1442138258116152,0.6629226672923715,0.6629226672923715,0.4632333687214232,0.26838331563928836,0.26838331563928836,0.0
red_prompt,5,0.078125,0.024548454177956033,0.015625,0.015625,0.0,2.3163475848224735,0.9257078349181078,0.6953198749521827,0.6953198749521827,0.3996411596358302,0.3001794201820849,0.3001794201820849,0.0
red_prompt,6,0.09375,0.017047537623580578,0.015625,0.015625,0.0,2.2167117460533685,0.767195889284467,0.7247579283844507,0.7247579283844507,0.34609637028828033,0.32695181485585983,0.32695181485585983,0.0
red_prompt,7,0.109375,0.01252472151936532,0.015625,0.015625,0.0,2.1492270518391834,0.6475879919637091,0.7508195299377372,0.7508195299377372,0.30131204211743984,0.34934397894128005,0.34934397894128005,0.0
red_prompt,8,0.125,0.009589239913264075,0.015625,0.015625,0.0,2.1017862704218584,0.5545526449379806,0.7736168127419389,0.7736168127419389,0.2638482574285129,0.36807587128574354,0.36807587128574354,4.440892098500626e-16
red_prompt,9,0.140625,0.007576683388258034,0.015625,0.015625,0.0,2.0673590199647265,0.4804292674190809,0.7934648762728228,0.7934648762728228,0.2323879223586806,0.3838060388206597,0.3838060388206597,0.0
red_prompt,10,0.15625,0.006137113544489008,0.015625,0.015625,0.0,2.0416847774616387,0.42022564053631417,0.8107295684626622,0.8107295684626622,0.20582297775603112,0.3970885111219844,0.3970885111219844,0.0
red_prompt,11,0.171875,0.005071994664866949,0.015625,0.015625,0.0,2.0220827013093636,0.37055555376055005,0.8257635737744067,0.8257635737744067,0.18325440078222488,0.4083727996088875,0.4083727996088875,0.0
red_prompt,12,0.1875,0.004261884405895144,0.015625,0.015625,0.0,2.006808725147692,0.3290421165678954,0.8388833042898983,0.8388833042898983,0.16396286922844597,0.41801856538577703,0.41801856538577703,0.0
red_prompt,13,0.203125,0.003631428132833732,0.015625,0.015625,0.0,1.994694078456258,0.2939670158561321,0.8503635313000629,0.8503635313000629,0.14737448665994954,0.4263127566700253,0.4263127566700253,0.0
red_prompt,14,0.21875,0.00313118037984133,0.015625,0.015625,0.0,1.9849345801154106,0.2640561704641764,0.8604392048256171,0.8604392048256171,0.13303016286250768,0.43348491856874616,0.43348491856874616,0.0
red_prompt,15,0.234375,0.0027276060197728926,0.015625,0.015625,0.0,1.9769637347667985,0.23834413482273292,0.8693097999720328,0.8693097999720328,0.12056070156028828,0.43971964921985585,0.43971964921985585,0.0
red_prompt,16,0.25,0.0023973099783160187,0.015625,0.015625,0.0,1.9703739981581394,0.21608559143466588,0.8771442033617368,0.8771442033617368,0.10966729749613918,0.44516635125193044,0.44516635125193044,2.220446049250313e-16
red_prompt,17,0.265625,0.0021235687005152276,0.015625,0.015625,0.0,1.9648665928919555,0.19669590587362482,0.8840853435091653,0.8840853435091653,0.10010649404147143,0.4499467529792643,0.4499467529792643,0.0
red_prompt,18,0.28125,0.0018941708470645085,0.015625,0.015625,0.0,1.9602187285963981,0.1797101485303703,0.8902542900330139,0.8902542900330139,0.09167862030328144,0.4541606898483593,0.4541606898483593,0.0
red_prompt,19,0.296875,0.0017000314527670381,0.015625,0.015625,0.0,1.9562617081427391,0.16475417165813103,0.895753768242304,0.895753768242304,0.08421888082374594,0.457890559588127,0.457890559588127,0.0
red_prompt,20,0.3125,0.001534278386122252,0.015625,0.015625,0.0,1.9528660048882558,0.1515237562947482,0.9006711242967538,0.9006711242967538,0.07759045214339653,0.4612047739283017,0.4612047739283017,0.0
red_prompt,21,0.328125,0.0013916357243739248,0.015625,0.015625,0.0,1.9499309011387493,0.1397692882964337,0.9050808064211577,0.9050808064211577,0.07167909807204408,0.4641604509639779,0.4641604509639779,2.220446049250313e-16
red_prompt,22,0.34375,0.0012679986662167372,0.015625,0.015625,0.0,1.9473771706453589,0.1292843046930707,0.9090464329761441,0.9090464329761441,0.0663889392573222,0.4668055303713389,0.4668055303713389,0.0
red_prompt,23,0.359375,0.0011601348855366745,0.015625,0.015625,0.0,1.945141829845206,0.11989680284972279,0.9126225134977415,0.9126225134977415,0.06163910569917884,0.4691804471504105,0.4691804471504105,2.220446049250313e-16
red_prompt,24,0.375,0.001065471101473786,0.015625,0.015625,0.0,1.9431743187455948,0.1114625572849444,0.9158558807303252,0.9158558807303252,0.057361069570381326,0.47131946521480933,0.47131946521480933,0.0
red_prompt,25,0.390625,0.0009819381671182412,0.015625,0.015625,0.0,1.9414336851563458,0.10385991907129367,0.9187868830425261,0.9187868830425261,0.05349650614665714,0.47325174692667143,0.47325174692667143,0.0
red_prompt,26,0.40625,0.000907857033208433,0.015625,0.015625,0.0,1.9398864832113518,0.0969857260409814,0.9214503785851852,0.9214503785851852,0.049995567720245174,0.4750022161398774,0.4750022161398774,0.0
red_prompt,27,0.421875,0.0008418537098064483,0.015625,0.015625,0.0,1.9385051871678278,0.09075205613612711,0.9238765655158503,0.9238765655158503,0.04681548274251286,0.47659225862874355,0.47659225862874355,2.220446049250313e-16
red_prompt,28,0.4375,0.0007827950949603325,0.015625,0.015625,0.0,1.9372669815143093,0.08508362824247202,0.9260916766359186,0.9260916766359186,0.04391941278840382,0.4780402936057981,0.4780402936057981,0.0
red_prompt,29,0.453125,0.0007297400171806192,0.015625,0.015625,0.0,1.936152829058659,0.079915705480238,0.9281185617892105,0.9281185617892105,0.04127551517670862,0.4793622424116457,0.4793622424116457,0.0
red_prompt,30,0.46875,0.0006819015049432231,0.015625,0.015625,0.0,1.9351467465622176,0.0751923920965874,0.9299771772328151,0.9299771772328151,0.03885617058766549,0.4805719147061673,0.4805719147061673,0.0
red_prompt,31,0.484375,0.0006386174343901153,0.015625,0.015625,0.0,1.9342352368847757,0.07086524131798709,0.9316849977833942,0.9316849977833942,0.03663734377630336,0.4816813281118483,0.4816813281118483,2.220446049250313e-16
red_prompt,32,0.5,0.0005993274945790047,0.015625,0.015625,0.0,1.9334068402611106,0.06689211077194916,0.9332573647445808,0.9332573647445808,0.03459805219418549,0.4827009739029073,0.4827009739029073,0.0
red_prompt,33,0.515625,0.0005635549627629943,0.015625,0.015625,0.0,1.9326517770543263,0.06323621639792218,0.934707780328202,0.934707780328202,0.032719922517187444,0.48364003874140626,0.48364003874140626,2.220446049250313e-16
red_prompt,34,0.53125,0.0005308921751288069,0.015625,0.015625,0.0,1.931961661331052,0.05986534652309017,0.9360481574039808,0.9360481574039808,0.030986819107913923,0.484506590446043,0.484506590446043,0.0
red_prompt,35,0.546875,0.0005009888607746129,0.015625,0.015625,0.0,1.9313292696934714,0.0567512059453109,0.9372890318740803,0.9372890318740803,0.02938453159482127,0.4853077342025894,0.4853077342025894,0.0
red_prompt,36,0.5625,0.00047354271176612713,0.015625,0.015625,0.0,1.9307483535398222,0.05386886612327918,0.9384397437082715,0.9384397437082715,0.027900511231573152,0.48604974438421344,0.48604974438421344,0.0
red_prompt,37,0.578125,0.00044829171252658935,0.015625,0.015625,0.0,1.9302134856930377,0.05119630240984227,0.9395085916415977,0.9395085916415977,0.02652364766349168,0.48673817616825416,0.48673817616825416,0.0
red_prompt,38,0.59375,0.00042500786319175953,0.015625,0.015625,0.0,1.9297199344052476,0.04871400303027935,0.9405029656874841,0.9405029656874841,0.025244079289305433,0.4873779603553473,0.4873779603553473,2.220446049250313e-16
red_prompt,39,0.609375,0.0004034920147593036,0.015625,0.015625,0.0,1.9292635593034315,0.04640463746092105,0.9414294609212552,0.9414294609212552,0.024053031654045046,0.4879734841729775,0.4879734841729775,0.0
red_prompt,40,0.625,0.000383569596530563,0.015625,0.015625,0.0,1.9288407250236246,0.04425277419507145,0.9422939754142765,0.9422939754142765,0.022942679310407776,0.4885286603447961,0.4885286603447961,2.220446049250313e-16
red_prompt,41,0.640625,0.0003650870639196317,0.015625,0.015625,0.0,1.928448229184745,0.042244639735000714,0.9431017947248721,0.9431017947248721,0.0219060273932579,0.48904698630337107,0.48904698630337107,0.0
red_prompt,42,0.65625,0.0003479089310934812,0.015625,0.015625,0.0,1.928083242048707,0.04036791212775879,0.9438576649604741,0.9438576649604741,0.02093680980540311,0.48953159509729843,0.48953159509729843,2.220446049250313e-16
red_prompt,43,0.671875,0.00033191528093504645,0.015625,0.015625,0.0,1.9277432557524397,0.038611543550032865,0.9445658561012034,0.9445658561012034,0.020029401443794417,0.48998529927810275,0.48998529927810275,0.0
red_prompt,44,0.6875,0.0003169996665541843,0.015625,0.015625,0.0,1.9274260414175943,0.036965607405312864,0.9452302170061406,0.9452302170061406,0.019178742328356833,0.49041062883582154,0.49041062883582154,2.220446049250313e-16
red_prompt,45,0.703125,0.00030306733553032137,0.015625,0.015625,0.0,1.9271296127733046,0.0354211661732259,0.9458542233000393,0.9458542233000393,0.01838027185013872,0.4908098640749306,0.4908098640749306,2.220446049250313e-16
red_prompt,46,0.71875,0.00029003372138416863,0.015625,0.015625,0.0,1.9268521951872688,0.033970156883063804,0.9464410191521025,0.9464410191521025,0.017629871646570316,0.49118506417671487,0.49118506417671487,0.0
red_prompt,47,0.734375,0.0002778231572878682,0.015625,0.015625,0.0,1.9265921992065753,0.032605291600326,0.9469934538031246,0.9469934538031246,0.01692381585150909,0.4915380920742454,0.4915380920742454,2.220446049250313e-16
red_prompt,48,0.75,0.0002663677753684465,0.015625,0.015625,0.0,1.9263481978740138,0.03131997073918093,0.9475141135674163,0.9475141135674163,0.016258727666029826,0.491870636166985,0.491870636166985,2.220446049250313e-16
red_prompt,49,0.765625,0.00025560656161970047,0.015625,0.015625,0.0,1.9261189072172482,0.03010820736307534,0.9480053499270864,0.9480053499270864,0.01563154136032756,0.4921842293198362,0.4921842293198362,0.0
red_prompt,50,0.78125,0.0002454845417795603,0.015625,0.015625,0.0,1.925903169414201,0.02896456092449077,0.9484693042448551,0.9484693042448551,0.015039468953831606,0.49248026552308416,0.49248026552308416,2.220446049250313e-16
red_prompt,51,0.796875,0.0002359520778350253,0.015625,0.015625,0.0,1.9256999382236697,0.027884079134349996,0.9489079295446599,0.9489079295446599,0.014479970934657247,0.4927600145326714,0.4927600145326714,0.0
red_prompt,52,0.8125,0.00022696425830210826,0.015625,0.015625,0.0,1.9255082663397836,0.02686224685088626,0.9493230097444486,0.9493230097444486,0.013950730474893756,0.4930246347625531,0.4930246347625531,2.220446049250313e-16
red_prompt,53,0.828125,0.00021848036826233565,0.015625,0.015625,0.0,1.9253272943856625,0.02589494104418448,0.9497161766707389,0.9497161766707389,0.013449630678220397,0.49327518466088977,0.49327518466088977,2.220446049250313e-16
red_prompt,54,0.84375,0.00021046342745161206,0.015625,0.015625,0.0,1.9251562413081023,0.02497839103187882,0.9500889251381117,0.9500889251381117,0.012974734463581274,0.49351263276820934,0.49351263276820934,0.0
red_prompt,55,0.859375,0.00020287978659467795,0.015625,0.015625,0.0,1.9249943959733122,0.02410914329849116,0.9504426263374105,0.9504426263374105,0.012524266745359088,0.49373786662732044,0.49373786662732044,0.0
red_prompt,56,0.875,0.00019569877374008314,0.015625,0.015625,0.0,1.9248411097952478,0.023284030309375807,0.950778539742936,0.950778539742936,0.012096598618393293,0.49395170069080335,0.49395170069080335,0.0
red_prompt,57,0.890625,0.000188892383640782,0.015625,0.015625,0.0,1.9246957902541824,0.022500142813436676,0.9510978237203729,0.9510978237203729,0.011690233296798153,0.49415488335160096,0.49415488335160096,0.0
red_prompt,58,0.90625,0.0001824350042951548,0.015625,0.015625,0.0,1.9245578951848386,0.021754805199143117,0.9514015449928477,0.9514015449928477,0.011303793589983813,0.49434810320500805,0.49434810320500805,2.220446049250313e-16
red_prompt,59,0.921875,0.00017630317565323205,0.015625,0.015625,0.0,1.9244269277314916,0.021045553528182395,0.9516906871016545,0.9516906871016545,0.010936010728654076,0.49453199463567293,0.49453199463567293,2.220446049250313e-16
red_prompt,60,0.9375,0.00017047537623580579,0.015625,0.015625,0.0,1.9243024318825692,0.020370115921888927,0.9519661579803401,0.9519661579803401,0.010585714378566048,0.494707142810717,0.494707142810717,0.0
red_prompt,61,0.953125,0.0001649318340362539,0.015625,0.015625,0.0,1.924183988509962,0.019726395018958863,0.9522287967455015,0.9522287967455015,0.010251823701243076,0.49487408814937844,0.49487408814937844,0.0
red_prompt,62,0.96875,0.00015965435859752883,0.015625,0.015625,0.0,1.9240712118489411,0.01911245226004591,0.9524793797944476,0.9524793797944476,0.009933339339181604,0.4950333303304092,0.4950333303304092,0.0
red_prompt,63,0.984375,0.00015462619159710276,0.015625,0.015625,0.0,1.9239637463635781,0.01852649378654278,0.9527186262885177,0.9527186262885177,0.009629336218813431,0.49518533189059327,0.49518533189059327,0.0
red_prompt,64,1.0,0.00014983187364475117,0.015625,0.015625,0.0,1.923861263950203,0.017966857768168962,0.9529472030910171,0.9529472030910171,0.009338957078057793,0.4953305214609711,0.4953305214609711,0.0
frequency_separated,1,0.015625,1.1180679785330948e-05,0.6137113544489008,0.015625,0.0,4.037128584040212,0.0012255388673650708,3.292716980937999,0.7431860642348478,0.0003035669639579812,0.8156086466888719,0.18408778634717007,0.0
frequency_separated,2,0.03125,4.472271914132379e-05,0.1534278386122252,0.015625,0.0,3.096376144713539,0.004941053125170247,2.324288569650751,0.7671465219376176,0.0015957535177391596,0.7506480030273526,0.24775624345490815,4.440892098500626e-16
frequency_separated,3,0.046875,0.00010062611806797854,0.06819015049432231,0.015625,0.0,2.6008966015266886,0.011231374660831099,1.7872893172897624,0.802375909576095,0.004318270343480185,0.68718199571665,0.3084997339398698,0.0
frequency_separated,4,0.0625,0.00017889087656529517,0.0383569596530563,0.015625,0.0,2.2957388695089347,0.02016674241718409,1.4316814362127255,0.843890690879025,0.008784423474738578,0.623625559173011,0.3675900173522504,0.0
frequency_separated,5,0.078125,0.0002795169946332737,0.024548454177956033,0.015625,0.0,2.0953048373168244,0.03176552956941975,1.1762752103691985,0.8872640973782061,0.015160338010815457,0.5613861951827,0.42345346680648444,0.0
frequency_separated,6,0.09375,0.00040250447227191416,0.017047537623580578,0.015625,0.0,1.958812208197767,0.04598920922340462,0.9836010545719496,0.9292219444024128,0.02347811037267204,0.5021415786850367,0.4743803109422912,0.0
frequency_separated,7,0.109375,0.0005478533094812164,0.01252472151936532,0.015625,0.0,1.8636497683812498,0.06275111039301837,0.8332500409474346,0.9676486170407969,0.03367108533891722,0.44710656212577343,0.5192223525353094,0.0
frequency_separated,8,0.125,0.0007155635062611807,0.009589239913264075,0.015625,0.0,1.7962813084170826,0.08192483078200365,0.7130045334049544,1.0013519442301244,0.045608018297644805,0.3969336707251425,0.5574583109772127,0.0
frequency_separated,9,0.140625,0.0009056350626118068,0.007576683388258034,0.015625,0.0,1.748217701695045,0.10334926510176472,0.6150673152896243,1.029801121303656,0.059116930918591465,0.35182535601445086,0.5890577130669576,0.0
frequency_separated,10,0.15625,0.0011180679785330948,0.006137113544489008,0.015625,0.0,1.713951281478301,0.12683247180047458,0.534204673507251,1.0529141361705752,0.07400004490855787,0.31168019726120444,0.6143197578302376,2.220446049250313e-16
frequency_separated,11,0.171875,0.0013528622540250447,0.005071994664866949,0.015625,0.0,1.6898062499643574,0.1521569239048991,0.4667468512497104,1.0709024748097478,0.09004400587825291,0.27621323525081964,0.6337427588709273,2.220446049250313e-16
frequency_separated,12,0.1875,0.0016100178890876566,0.004261884405895144,0.015625,0.0,1.673266556879812,0.1790871734613243,0.41001919561375944,1.0841601878047282,0.10702847835270984,0.24504117047455604,0.6479303511727341,0.0
frequency_separated,13,0.203125,0.0018895348837209302,0.003631428132833732,0.015625,0.0,1.6625692459265091,0.2073794089343195,0.362005990949669,1.0931838460425205,0.12473429870209829,0.21773889528909934,0.6575268060088023,2.220446049250313e-16
frequency_separated,14,0.21875,0.0021914132379248657,0.00313118037984133,0.015625,0.0,1.6564516358553927,0.2367915124672813,0.32114577689053636,1.0985143464975748,0.1429510571523581,0.19387573409271106,0.6631732087549307,2.220446049250313e-16
frequency_separated,15,0.234375,0.0025156529516994633,0.0027276060197728926,0.015625,0.0,1.6539903979995236,0.2670921220611793,0.2862029776162268,1.1006952983221172,0.1614834780082298,0.17303787129743015,0.6654786506943399,2.220446049250313e-16
frequency_separated,16,0.25,0.0028622540250447226,0.0023973099783160187,0.015625,0.0,1.6544969231075903,0.2980676337542091,0.25618456965965686,1.1002447196937244,0.18015605202477977,0.15484136965239761,0.6650025783228226,0.0
frequency_separated,17,0.265625,0.003231216457960644,0.0021235687005152276,0.015625,0.0,1.6574479397125002,0.329526700336238,0.23028373475246014,1.097637504623802,0.19881571688664773,0.13893874385726107,0.6622455392560912,0.0
frequency_separated,18,0.28125,0.0036225402504472272,0.0018941708470645085,0.015625,0.0,1.6624386615774367,0.3613023266500027,0.2078400283625178,1.0932963065649162,0.2173327263137481,0.12502117110612962,0.6576461025801223,0.0
frequency_separated,19,0.296875,0.0040362254025044725,0.0017000314527670381,0.015625,0.0,1.6691506073350406,0.3932519998862079,0.18830999693981876,1.0875886105090138,0.23560006997455582,0.11281785844386671,0.6515820715815773,2.220446049250313e-16
frequency_separated,20,0.3125,0.004472271914132379,0.001534278386122252,0.015625,0.0,1.6773291450411114,0.4252564217184755,0.17124471543992142,1.0808280078827144,0.25353188607955207,0.10209368623098969,0.6443744276894582,0.0
frequency_separated,21,0.328125,0.004930679785330948,0.0013916357243739248,0.015625,0.0,1.686767589254522,0.45721738702429665,0.15627215785672016,1.073278044373505,0.27106128309375854,0.0926459334719525,0.6362927834342889,2.220446049250313e-16
frequency_separated,22,0.34375,0.005411449016100179,0.0012679986662167372,0.015625,0.0,1.6972957812813811,0.48905525288815044,0.14308311971987142,1.0651574086733593,0.2881379063576862,0.0843006394629993,0.6275614541793145,0.0
frequency_separated,23,0.359375,0.0059145796064400714,0.0011601348855366745,0.015625,0.0,1.7087717808480656,0.5207063174164539,0.13141986083735852,1.056645602594253,0.30472548953144973,0.07690896017263035,0.6183655502959199,2.220446049250313e-16
frequency_separated,24,0.375,0.0064400715563506265,0.001065471101473786,0.015625,0.0,1.7210757460837962,0.55212031358742,0.12106689135588777,1.0478885411404883,0.3207995434505055,0.07034373218690006,0.6088567243625944,2.220446049250313e-16
frequency_separated,25,0.390625,0.006987924865831842,0.0009819381671182412,0.015625,0.0,1.7341053717519017,0.5832581329955446,0.11184347549742125,1.0390037632589357,0.33634526626620204,0.06449635490398717,0.5991583788298107,0.0
frequency_separated,26,0.40625,0.007558139534883721,0.000907857033208433,0.015625,0.0,1.7477724499752687,0.6140898301631483,0.10359752396662707,1.0300850958454932,0.35135571004786,0.059274034195980714,0.5893702557561593,2.220446049250313e-16
frequency_separated,27,0.421875,0.008150715563506262,0.0008418537098064483,0.015625,0.0,1.7620002483506307,0.6445929165192834,0.09620061319318107,1.0212067186381661,0.3658302075284453,0.05459738912252273,0.5795724033490319,0.0
frequency_separated,28,0.4375,0.008765652951699463,0.0007827950949603325,0.015625,0.0,1.776721489359829,0.6747509287613958,0.08954391985072038,1.0124266407477127,0.37977304422907354,0.050398399741866114,0.5698285560290602,2.220446049250313e-16
frequency_separated,29,0.453125,0.009402951699463327,0.0007297400171806192,0.015625,0.0,1.7918767763885317,0.7045522438729774,0.0835348986849681,1.003789633830586,0.39319235181616624,0.046618662502747495,0.5601889856810862,2.220446049250313e-16
frequency_separated,30,0.46875,0.010062611806797853,0.0006819015049432231,0.015625,0.0,1.8074133545132465,0.7339891083248489,0.07809456372637863,0.9953296824620189,0.4060991950137046,0.04320791562780626,0.5506928893584891,2.220446049250313e-16
frequency_separated,31,0.484375,0.010744633273703041,0.0006386174343901153,0.015625,0.0,1.8232841244472102,0.7630568488361305,0.07315525918573934,0.9870720164253404,0.41850682436423714,0.04012279721237567,0.5413703784233872,0.0
frequency_separated,32,0.5,0.01144901610017889,0.0005993274945790047,0.015625,0.0,1.8394468495787821,0.7917532344061712,0.06865882782996295,0.9790347873426479,0.43043006901095077,0.037325801419967775,0.5322441295690814,0.0
frequency_separated,33,0.515625,0.012175760286225402,0.0005635549627629943,0.015625,0.0,1.8558635115336994,0.8200779628048858,0.06455510221503677,0.9712304465137769,0.44188484643850084,0.03478440187753244,0.5233307516839667,0.0
frequency_separated,34,0.53125,0.012924865831842576,0.0005308921751288069,0.015625,0.0,1.872499780939332,0.8480322485173868,0.060800658468681865,0.9636668739532632,0.45288776914674717,0.03247031539741033,0.5146419154558425,2.220446049250313e-16
frequency_separated,35,0.546875,0.013696332737030411,0.0005009888607746129,0.015625,0.0,1.8893245782974888,0.8756184928283302,0.057357783923719485,0.9563483015454389,0.46345583119305467,0.030358883054073124,0.5061852857528721,2.220446049250313e-16
frequency_separated,36,0.5625,0.014490161001788909,0.00047354271176612713,0.015625,0.0,1.9063097059379193,0.9028400200768827,0.05419361928246036,0.9492760665785762,0.4736061602501669,0.028428549208795364,0.4979652905410378,0.0
frequency_separated,37,0.578125,0.015306350626118069,0.00044829171252658935,0.015625,0.0,1.9234295365275338,0.9297008670259758,0.05127944355006252,0.9424492259514954,0.483355823215865,0.026660422217826565,0.4899837545663084,2.220446049250313e-16
frequency_separated,38,0.59375,0.01614490161001789,0.00042500786319175953,0.015625,0.0,1.9406607469748003,0.9562056147579178,0.04859007605340595,0.9358650561634765,0.4927216754646577,0.025037903265241288,0.48224042127010097,0.0
frequency_separated,39,0.609375,0.017005813953488373,0.0004034920147593036,0.015625,0.0,1.957982089098212,0.9823592545616343,0.04610337474642035,0.9295194597901573,0.5017202455687834,0.02354637205473835,0.4747333823764783,0.0
frequency_separated,40,0.625,0.017889087656529516,0.000383569596530563,0.015625,0.0,1.975374190340264,1.008167080961952,0.043799813926801406,0.9234072954515103,0.5103676487685062,0.022172920017374916,0.46745943121411887,0.0
frequency_separated,41,0.640625,0.018794722719141323,0.0003650870639196317,0.015625,0.0,1.992819379262387,1.0336346064110635,0.041662127642855734,0.9175226452084676,0.5186795236774786,0.02090612329265704,0.4604143530298643,2.220446049250313e-16
frequency_separated,42,0.65625,0.019722719141323793,0.0003479089310934812,0.015625,0.0,2.010301531667558,1.0587674932677769,0.03967500760661102,0.9118590307931702,0.526670987704776,0.019735849066234528,0.45359316322898946,0.0
frequency_separated,43,0.671875,0.020673076923076922,0.00033191528093504645,0.015625,0.0,2.027805934050914,1.0835714995777188,0.03782484647364719,0.9064095879995475,0.5343566074950211,0.018653089942431096,0.4469903025625477,0.0
frequency_separated,44,0.6875,0.021645796064400716,0.0003169996665541843,0.015625,0.0,2.0453191617377096,1.1080524358775325,0.03609951900022547,0.9011672068599514,0.5417503813615708,0.017649821932707657,0.44059979670572147,0.0
frequency_separated,45,0.703125,0.02264087656529517,0.00030306733553032137,0.015625,0.0,2.062828969579266,1.1322161308123555,0.03448819492291481,0.8961246438439956,0.5488657312405701,0.0167188823850719,0.434415386374358,0.0
frequency_separated,46,0.71875,0.023658318425760286,0.00029003372138416863,0.015625,0.0,2.0803241934762986,1.1560684038066518,0.03298117848797003,0.8912746111816766,0.5557155021472008,0.015853864792514508,0.4284306330602846,0.0
frequency_separated,47,0.734375,0.024698121645796066,0.0002778231572878682,0.015625,0.0,2.0977946613116107,1.179615043386858,0.03156977043717045,0.8866098474875823,0.5623119674874774,0.015049027924130565,0.4226390045883921,0.0
frequency_separated,48,0.75,0.025760286225402506,0.0002663677753684465,0.015625,0.0,2.11523111212049,1.2028617900390959,0.030246148973395476,0.8821231731079984,0.5686668388842123,0.014299217139953153,0.41703394397583443,4.440892098500626e-16
frequency_separated,49,0.765625,0.026844812164579606,0.00025560656161970047,0.015625,0.0,2.132625122522468,1.225814322711321,0.029003266814854885,0.8778075329962922,0.574791279426282,0.013599796095691601,0.41160892447802633,0.0
frequency_separated,50,0.78125,0.02795169946332737,0.0002454845417795603,0.015625,0.0,2.1499690395938416,1.2484782482488972,0.02783476192664642,0.873656029418298,0.5806959194560084,0.012946587329417909,0.4063574932145737,0.0
frequency_separated,51,0.796875,0.029080948121645796,0.0002359520778350253,0.015625,0.0,2.1672559194853602,1.2708590931952375,0.026734879912641615,0.8696619463774812,0.5863908741783562,0.012335820459537662,0.4012733053621062,0.0
frequency_separated,52,0.8125,0.030232558139534883,0.00022696425830210826,0.015625,0.0,2.184479471190505,1.2929622975025534,0.025698406375549286,0.8658187673124019,0.591885762514358,0.011764086920690578,0.3963501505649514,4.440892098500626e-16
frequency_separated,53,0.828125,0.03140652951699463,0.00021848036826233565,0.015625,0.0,2.20163400495198,1.3147932097879023,0.024720607821576857,0.8621201873425006,0.5971897267350662,0.01122830032874426,0.39158197293618946,4.440892098500626e-16
frequency_separated,54,0.84375,0.03260286225402505,0.00021046342745161206,0.015625,0.0,2.218714384861465,1.3363570838415062,0.02379717990860825,0.8585601211113506,0.6023114525058381,0.010725661703452708,0.38696288579070914,0.0
frequency_separated,55,0.859375,0.03382155635062612,0.00020287978659467795,0.015625,0.0,2.2357159852633792,1.3576590761514886,0.02292420202180566,0.8551327070900847,0.6072591890474627,0.010253628892448548,0.3824871820600887,0.0
frequency_separated,56,0.875,0.03506261180679785,0.00019569877374008314,0.015625,0.0,2.252634650619822,1.3787042442548045,0.022098097314666044,0.8518323090503512,0.6120407691835195,0.009809889636824,0.37814934117965643,4.440892098500626e-16
frequency_separated,57,0.890625,0.03632602862254025,0.000188892383640782,0.015625,0.0,2.2694666585328696,1.3994975457605452,0.021315597482456754,0.8486535152898673,0.6166636290948073,0.009392337799858465,0.3739440331053341,0.0
frequency_separated,58,0.90625,0.03761180679785331,0.0001824350042951548,0.015625,0.0,2.2862086856533983,1.4200438379209845,0.02057371164285676,0.8455911360895569,0.6211348276437574,0.008999052348966469,0.36986612000727614,0.0
frequency_separated,59,0.921875,0.03891994633273703,0.00017630317565323205,0.015625,0.0,2.3028577762338456,1.4403478776490481,0.019869698789431994,0.8426401997953652,0.6254610651660091,0.00862827873891866,0.3659106560950721,0.0
frequency_separated,60,0.9375,0.04025044722719141,0.00017047537623580579,0.015625,0.0,2.319411313106578,1.4604143218996608,0.019201043359961378,0.839795947846956,0.6296487016542176,0.008278412393463686,0.3620728859523188,0.0
frequency_separated,61,0.953125,0.04160330948121646,0.0001649318340362539,0.015625,0.0,2.3358669908906036,1.4802477283474906,0.01856543352621527,0.8370538290168976,0.6337037742817333,0.007947984024183143,0.3583482416940835,0.0
frequency_separated,62,0.96875,0.042978533094812164,0.00015965435859752883,0.015625,0.0,2.352222791247781,1.499852556305775,0.01796074186646568,0.83440949307554,0.637632014232015,0.007635646560901685,0.35473233920708325,4.440892098500626e-16
frequency_separated,63,0.984375,0.04437611806797853,0.00015462619159710276,0.015625,0.0,2.3684769600258693,1.5192331678407154,0.017385008128422166,0.8318587840567316,0.6414388628142373,0.007340163498247533,0.35122097368751515,0.0
frequency_separated,64,1.0,0.04579606440071556,0.00014983187364475117,0.015625,0.0,2.384627986140102,1.5383938290439063,0.016836423829762588,0.8293977332664331,0.64512948685721,0.007060398488828862,0.347810114653961,0.0
seed_dominant,1,0.015625,0.06848346865994627,0.4231285274600356,0.0625,0.0,3.9456522282910487,0.955750891090724,2.07038018879185,0.9195211484084742,0.24222887264057769,0.5247244483299478,0.23304667902947435,4.440892098500626e-16
seed_dominant,2,0.03125,0.04842512508862442,0.14959852554023476,0.0625,0.0,3.4046863686067117,0.8887863078479745,1.514372558503398,1.0015275022553387,0.2610479238390729,0.44479061932600844,0.2941614568349185,4.440892098500626e-16
seed_dominant,3,0.046875,0.03953894906585928,0.08143112307695384,0.0625,0.0,3.1544476614124894,0.8544889631087444,1.226229596254202,1.0737291020495427,0.2708838614003581,0.38873036673086675,0.3403857718687751,4.440892098500626e-16
seed_dominant,4,0.0625,0.034241734329973135,0.05289106593250445,0.0625,0.0,3.009443117296482,0.8310845737987718,1.041860060138605,1.1364984833591052,0.2761589242282713,0.346196960544167,0.37764411522756175,0.0
seed_dominant,5,0.078125,0.03062673825172326,0.037845766024801046,0.0625,0.0,2.914945093845869,0.813087127921434,0.9107886550653064,1.1910693108591286,0.2789373733447162,0.31245482358765325,0.4086078030676305,0.0
seed_dominant,6,0.09375,0.02795825900545861,0.02879024966367521,0.0625,0.0,2.8485444399546442,0.7983838676235827,0.8113723494230208,1.2387882229080407,0.2802778346811731,0.284837525454207,0.43488463986461984,0.0
seed_dominant,7,0.109375,0.025884318141900526,0.022846792985228955,0.0625,0.0,2.79934052031463,0.7859244100500078,0.7325804463705429,1.280835663894079,0.28075341472271986,0.26169751091525123,0.4575490743620288,4.440892098500626e-16
seed_dominant,8,0.125,0.02421256254431221,0.018699815692529344,0.0625,0.0,2.7614037094728996,0.7750959504146744,0.6681297471979317,1.3181780118602933,0.28068911030854876,0.2419529404215457,0.4773579492699055,0.0
seed_dominant,9,0.140625,0.022827822886648756,0.015671426942964282,0.0625,0.0,2.7312390835801814,0.765503598290872,0.6141458673189719,1.3515896179703375,0.28027703722203234,0.2248597975223513,0.49486316525561636,0.0
seed_dominant,10,0.15625,0.021656374303418945,0.013380498897668132,0.0625,0.0,2.706657113661365,0.756876217061034,0.5680919476398978,1.381688948960433,0.27963505729663257,0.20988692833405304,0.5104780143693143,4.440892098500626e-16
seed_dominant,11,0.171875,0.020648542717009537,0.011598004658516774,0.0625,0.0,2.686218266456572,0.7490195045582162,0.5282265898430845,1.4089721720552713,0.2788379164535495,0.1966432126678505,0.5245188708785999,4.440892098500626e-16
seed_dominant,12,0.1875,0.01976947453292964,0.01017889038461923,0.0625,0.0,2.6689382304786515,0.7417898713085711,0.49330793261235684,1.4338404265577234,0.27793444705370246,0.18483302722367098,0.5372325257226265,4.440892098500626e-16
seed_dominant,13,0.203125,0.018993896751928266,0.009027287585022078,0.0625,0.0,2.6541216721457572,0.7350786831972025,0.46242204500568984,1.4566209439428648,0.27695741717934097,0.17422789989572673,0.5488146829249323,0.0
seed_dominant,14,0.21875,0.018302976884527835,0.00807756112411032,0.0625,0.0,2.641263695117524,0.7288021866640244,0.43487837070576585,1.4775831377477333,0.2759293545779783,0.164647843193262,0.5594228022287596,4.440892098500626e-16
seed_dominant,15,0.234375,0.01768235557403263,0.007283421067368825,0.0625,0.0,2.6299889464457857,0.7228947832358898,0.4101433381175638,1.4969508250923318,0.27486609181868343,0.1559486927395033,0.5691852154418132,0.0
seed_dominant,16,0.25,0.017120867164986567,0.006611383241563056,0.0625,0.0,2.620012629550246,0.7173043894855213,0.3877966980670864,1.5149115419976384,0.2737789815954645,0.1480132934067787,0.5782077249977569,0.0
seed_dominant,17,0.265625,0.01660968087609619,0.006036690698718995,0.0625,0.0,2.6111147686135876,0.7119891513809914,0.3675019265989543,1.5316236906336416,0.27267631432341566,0.14074522154921792,0.5865784641273663,4.440892098500626e-16
seed_dominant,18,0.28125,0.016141708362874804,0.005540686131119805,0.0625,0.0,2.6031227618235784,0.7069150678925462,0.34898562619043955,1.5472220677405926,0.27156424516734184,0.13406422136847782,0.5943715334641804,0.0
seed_dominant,19,0.296875,0.015711185220623192,0.005109070613095485,0.0625,0.0,2.5958992733651702,0.7020542415441499,0.3320228534464751,1.5618221783745452,0.2704474124814744,0.12790282614319634,0.6016497613753292,0.0
seed_dominant,20,0.3125,0.01531336912586163,0.004730720753100131,0.0625,0.0,2.5893336539801006,0.6973835708909093,0.3164264512545936,1.5755236318345975,0.269329358083672,0.12220381516619541,0.6084668267501325,4.440892098500626e-16
seed_dominant,21,0.328125,0.01494431804701618,0.004396867360047197,0.0625,0.0,2.5833357478321752,0.6928837603562772,0.3020391489770311,1.5884128384988667,0.2682128178413184,0.1169182709721295,0.6148689111865521,4.440892098500626e-16
seed_dominant,22,0.34375,0.014600724576817542,0.00410051387113519,0.0625,0.0,2.5778313466912386,0.688538561650385,0.2887276153837573,1.600565169657096,0.2670999258869883,0.11200407495794946,0.6208959991550621,4.440892098500626e-16
seed_dominant,23,0.359375,0.014279790340224741,0.0038360172597461826,0.0625,0.0,2.5727588025377632,0.6843341865532151,0.27637791466839456,1.6120467013161537,0.2659923603713607,0.10742472803737997,0.6265829115912593,0.0
seed_dominant,24,0.375,0.013979129502729304,0.003598781207959401,0.0625,0.0,2.5680664685532184,0.6802588480804503,0.264891987491494,1.622915632981274,0.264891449037801,0.10314841564078644,0.6319601353214126,0.0
seed_dominant,25,0.390625,0.013696693731989255,0.0033850282196802852,0.0625,0.0,2.5637107415901137,0.6763023988988341,0.25418489226389973,1.6332234504273795,0.2637982467863613,0.09914725875285146,0.6370544944607871,4.440892098500626e-16
seed_dominant,26,0.40625,0.013430713194445616,0.0031916281335451217,0.0625,0.0,2.559654547496368,0.6724560441450825,0.24418261812307906,1.643015885228206,0.262713593442842,0.09539670826358866,0.6418896982935692,4.440892098500626e-16
seed_dominant,27,0.421875,0.013179649688619762,0.003015967521368661,0.0625,0.0,2.555866156697546,0.6687121116868098,0.23482033329571206,1.652333711715024,0.26163815735596174,0.09187505092172948,0.6464867917223087,0.0
seed_dominant,28,0.4375,0.012942159070950263,0.0028558491231536194,0.0625,0.0,2.5523182489848355,0.6650638670991074,0.22604096892530218,1.6612134129604257,0.26057246872079187,0.08856300307189677,0.6508645282073112,4.440892098500626e-16
seed_dominant,29,0.453125,0.012717060872346257,0.002709413620656872,0.0625,0.0,2.5489871684048393,0.661505363715926,0.21779406417019415,1.669687740518719,0.2595169453637922,0.08544337408590803,0.6550396805502997,4.440892098500626e-16
seed_dominant,30,0.46875,0.012503313533750221,0.0025750782134867293,0.0625,0.0,2.5458523246337523,0.6580313203883189,0.21003481682187075,1.6777861874235624,0.258471912931157,0.0825007856070703,0.6590273014617726,4.440892098500626e-16
seed_dominant,31,0.484375,0.012299994072510825,0.002451487966793684,0.0625,0.0,2.542895708288287,0.6546370212729309,0.20272329708839315,1.6855353899269627,0.25743762087419236,0.07972143585269306,0.6628409432731145,0.0
seed_dominant,32,0.5,0.012106281272156105,0.002337476961566168,0.0625,0.0,2.5401014956341585,0.6513182332443616,0.1958237920326172,1.6929594703571795,0.25641425524288125,0.07709290056684451,0.6664928441902741,0.0
seed_dominant,33,0.515625,0.011921441696038943,0.0022320370372190647,0.0625,0.0,2.5374557240120494,0.6480711374872218,0.18930425547156932,1.7000803310532584,0.2554019490289023,0.07460396399439613,0.6699940869767016,0.0
seed_dominant,34,0.53125,0.011744817980832132,0.0021342924644949797,0.0625,0.0,2.5349460236325956,0.6448922725583608,0.1831358436379828,1.706917907436252,0.25440079060706217,0.07224447460839732,0.6733547347845406,0.0
seed_dominant,35,0.546875,0.011575818983304122,0.002043479287313492,0.0625,0.0,2.532561394625885,0.6417784867747612,0.17729252107184612,1.7134903867792777,0.2534108306857319,0.07000522137313718,0.6765839479411309,0.0
seed_dominant,36,0.5625,0.011413911443324378,0.0019589283678705352,0.0625,0.0,2.5302920206675825,0.6387268982201797,0.17175072439869626,1.7198143980487064,0.2524320880764033,0.0678778271424111,0.6796900847811855,0.0
seed_dominant,37,0.578125,0.011258612894853342,0.0018800513895793761,0.0625,0.0,2.528129112355646,0.6357348610046487,0.16648907411294453,1.7259051772380527,0.2514645545188502,0.06585465643319707,0.6826807890479527,0.0
seed_dominant,38,0.59375,0.011109485609980523,0.0018063292380403647,0.0625,0.0,2.5260647749304534,0.6327999366783497,0.16148812640009946,1.7317767118520042,0.2505081987439422,0.06392873532094817,0.6855630659351096,0.0
seed_dominant,39,0.609375,0.010966131402685741,0.0017373023057548876,0.0625,0.0,2.5240918960266496,0.6299198699122224,0.15673015853387687,1.7374418675805503,0.24956296991556587,0.06209368160509402,0.6883433484793401,0.0
seed_dominant,40,0.625,0.010828187151709473,0.0016725623622085165,0.0625,0.0,2.522204049996951,0.6270925677248036,0.15219898257063305,1.742912499701514,0.2486288005625721,0.060343643715430974,0.6910275557219968,4.440892098500626e-16
seed_dominant,41,0.640625,0.010695320927804265,0.0016117457047761003,0.0625,0.0,2.5203954160152517,0.6243160816679374,0.147879783007095,1.7481995513402193,0.2477056090885064,0.05867324708949563,0.6936211438219979,0.0
seed_dominant,42,0.65625,0.010567228631253645,0.001554527363133583,0.0625,0.0,2.5186607076921472,0.6215885924906022,0.14375897482257327,1.7533131403789717,0.24679330192916885,0.057077546961178366,0.6961291511096528,0.0
seed_dominant,43,0.671875,0.010443631062059545,0.001500616174525481,0.0625,0.0,2.5169951123528977,0.6189083968857805,0.13982407893504406,1.758262636532073,0.2458917754143838,0.05555198667205036,0.6985562379135658,4.440892098500626e-16
seed_dominant,44,0.6875,0.010324271358504769,0.0014497505823145968,0.0625,0.0,2.5153942384604253,0.6162738959945142,0.13606361259315117,1.76305672987276,0.24500091737973903,0.05409236075710756,0.7009067218631534,0.0
seed_dominant,45,0.703125,0.01020891275057442,0.0014016950379555943,0.0625,0.0,2.513854069932692,0.6136835853973935,0.1324669926274755,1.7677034919078227,0.24412060856572507,0.05269478217207026,0.7031846092622046,0.0
seed_dominant,46,0.71875,0.01009733658349507,0.0013562369085575818,0.0625,0.0,2.51237092631889,0.6111360463694,0.12902444981298747,1.7722104301365023,0.2432507238351276,0.0513556531248486,0.7053936230400237,0.0
seed_dominant,47,0.734375,0.009989340573829391,0.001313183809797335,0.0625,0.0,2.510941427973207,0.6086299382113459,0.1257269528649685,1.7765845368968924,0.24239113323428757,0.0500716390531074,0.707537227712605,0.0
seed_dominant,48,0.75,0.00988473726646482,0.0012723612980774038,0.0625,0.0,2.509562465506894,0.6061639915017281,0.12256614081429558,1.7808323331908706,0.24154170291963303,0.048839645356083636,0.7096186517242834,0.0
seed_dominant,49,0.765625,0.00978335266570661,0.0012336108672304246,0.0625,0.0,2.508231172915509,0.6037370021379991,0.11953426269362383,1.784959908083886,0.24070229596749226,0.04765679654426749,0.7116409074882403,0.0
seed_dominant,50,0.78125,0.009685025017724882,0.0011967882043218778,0.0625,0.0,2.506944903873656,0.6013478260570326,0.11662412362093659,1.7889729541956867,0.23987277308242713,0.04652041751724678,0.713606809400326,4.440892098500626e-16
seed_dominant,51,0.796875,0.009589603724967914,0.001161761666639974,0.0625,0.0,2.5057012107683083,0.5989953745417494,0.11382903649666747,1.7928767997298913,0.23905299321704962,0.045428016719425514,0.7155189900635248,0.0
seed_dominant,52,0.8125,0.009496948375964133,0.0011284109481277597,0.0625,0.0,2.504497826107051,0.5966786100351693,0.11114277863971633,1.7966764374321653,0.23824281411441128,0.044377270956738976,0.7173799149288498,0.0
seed_dominant,53,0.828125,0.009406927876292591,0.0010966259085790349,0.0625,0.0,2.503332645991892,0.5943965423950655,0.10855955277974506,1.8003765508170813,0.23744209278249898,0.0433660116858863,0.7191918955316147,0.0
seed_dominant,54,0.84375,0.009319419668486203,0.001066305543099082,0.0625,0.0,2.5022037153945917,0.5921482255323179,0.10607395190123259,1.803981537961041,0.23665068590905577,0.0423922126118756,0.7209571014790686,0.0
seed_dominant,55,0.859375,0.009234309030308306,0.0010373570727921096,0.0625,0.0,2.5011092150074496,0.589932754384416,0.10368092750099527,1.8074955331220384,0.2358684502238575,0.04145397845039184,0.7226775713257506,0.0
seed_dominant,56,0.875,0.009151488442263917,0.00100969514051379,0.0625,0.0,2.500047449475424,0.5877492621825511,0.1013757608775222,1.8109224264153503,0.23509524281464195,0.04054953472934825,0.7243552224560097,4.440892098500626e-16
seed_dominant,57,0.890625,0.00907085701641487,0.000983241097926495,0.0625,0.0,2.4990168368423875,0.5855969179766326,0.09915403711881454,1.8142658817469404,0.23433092140209782,0.039677218519303704,0.7259918600785985,0.0
seed_dominant,58,0.90625,0.008992319979598148,0.0009579223721028352,0.0625,0.0,2.498015899067133,0.5834749243875416,0.09701162149696241,1.8175293531826286,0.23357534457864593,0.03883546999568367,0.7275891854256703,4.440892098500626e-16
seed_dominant,59,0.921875,0.008915788205027786,0.0009336719016091808,0.0625,0.0,2.4970432534840894,0.5813825155601546,0.09494463801343885,1.8207160999104959,0.23282837201516624,0.0380228247472141,0.7291488032376197,0.0
seed_dominant,60,0.9375,0.008841177787016315,0.0009104276334211031,0.0625,0.0,2.4960976051001844,0.579318955294243,0.0929494498698998,1.8238291999360414,0.23208986463932418,0.03723790675492,0.7306722286057558,0.0
seed_dominant,61,0.953125,0.008768409654201786,0.0008881320732226829,0.0625,0.0,2.4951777396333705,0.5772835353333897,0.09102264166601766,1.8268715626339629,0.23135968478871288,0.036479421974721565,0.7321608932365654,0.0
seed_dominant,62,0.96875,0.008697409217226743,0.000866731882658518,0.0625,0.0,2.4942825172103684,0.5752755737946891,0.0891610031489561,1.829845940266723,0.23063769634166512,0.035746152464186255,0.7336161511941486,0.0
seed_dominant,63,0.984375,0.008628106047300174,0.0008461775179714429,0.0625,0.0,2.493410866651533,0.5732944137241687,0.08736151435931921,1.8327549385680453,0.2299237648282414,0.03503695100063444,0.7350392841711242,0.0
seed_dominant,64,1.0,0.008560433582493284,0.000826422905195382,0.0625,0.0,2.4925617802796456,0.5713394217648212,0.08562133203586794,1.8356010264789564,0.22921775752363557,0.034350736143543815,0.7364315063328206,0.0
correlated_prompt_model,1,0.015625,0.21079742774414,0.5441769017872061,0.015625,0.65,4.507915528540714,1.6723360236801026,2.3226451230586727,0.5129343818019387,0.37097767540055593,0.5152370554313715,0.11378526916807245,0.0
correlated_prompt_model,2,0.03125,0.10539871387207,0.15627377797758665,0.015625,0.65,3.786820941562468,1.4956316406989334,1.7475535353394374,0.543635765524097,0.39495705336461606,0.4614830123492411,0.14355993428614272,0.0
correlated_prompt_model,3,0.046875,0.07026580924804667,0.07532200035338192,0.015625,0.65,3.3915719891794427,1.3864577287932958,1.4277492139849697,0.577365046401177,0.40879501694691595,0.4209697504697223,0.17023523258336168,0.0
correlated_prompt_model,4,0.0625,0.052699356936035,0.04487785792300642,0.015625,0.65,3.1265592455692635,1.3019176404349102,1.2131057216056087,0.6115358835287441,0.4164058756538501,0.38800023486672625,0.19559388947942347,4.440892098500626e-16
correlated_prompt_model,5,0.078125,0.04215948554882801,0.030032680499114985,0.015625,0.65,2.9315412776378222,1.230948718676688,1.0559310362398426,0.6446615227212912,0.4198981362010915,0.3601965438094363,0.2199053199894721,0.0
correlated_prompt_model,6,0.09375,0.03513290462402333,0.021630564475253973,0.015625,0.65,2.7799950897115604,1.1692731270321737,0.9347204588744051,0.6760015038049814,0.4206025871626601,0.33623097477175307,0.24316643806558672,0.0
correlated_prompt_model,7,0.109375,0.030113918249162857,0.01638942177178027,0.015625,0.65,2.6579018307967557,1.1146965674077234,0.83793829691313,0.7052669664759019,0.419389668381233,0.31526307224896355,0.26534725936980336,4.440892098500626e-16
correlated_prompt_model,8,0.125,0.0263496784680175,0.012887780392987033,0.015625,0.65,2.556961596277254,1.0658437186285072,0.758699747467548,0.7324181301811987,0.4168399400993337,0.29671925795528503,0.2864408019453812,0.0
correlated_prompt_model,9,0.140625,0.023421936416015556,0.01042566069710431,0.015625,0.65,2.4718630761165277,1.0217411472395441,0.6925802955016624,0.7575416333753211,0.41334860215832503,0.2801855419070199,0.3064658559346551,0.0
correlated_prompt_model,10,0.15625,0.021079742774414004,0.008624622671371228,0.015625,0.65,2.3990091394689483,0.9816521823377878,0.6365757140802091,0.7807812430509512,0.4091906805136596,0.2653494326499829,0.32545988683635746,4.440892098500626e-16
correlated_prompt_model,11,0.171875,0.019163402522194548,0.0072649607185679204,0.015625,0.65,2.3358560682877316,0.9449982112728954,0.5885574307266601,0.8023004262881761,0.40456183242729243,0.2519664797489403,0.34347168782376725,0.0
correlated_prompt_model,12,0.1875,0.017566452312011666,0.0062117484575953865,0.015625,0.65,2.2805428696495738,0.9113143351442228,0.5469655644330773,0.8222629700722737,0.3996041237691158,0.23984007128843124,0.360555804942453,0.0
correlated_prompt_model,13,0.203125,0.016215186749549235,0.005378263419952457,0.015625,0.65,2.2316701441819506,0.8802210686228412,0.5106255205477698,0.8408235550113397,0.39442256774264384,0.22880868925857614,0.37676874299878,0.0
correlated_prompt_model,14,0.21875,0.015056959124581428,0.004706625457149146,0.015625,0.65,2.188161505247982,0.8514047804267977,0.47863300527351044,0.858123719547674,0.38909595036053285,0.21873751280496428,0.39216653683450287,0.0
correlated_prompt_model,15,0.234375,0.014053161849609334,0.004156959921926126,0.015625,0.65,2.1491731474608704,0.8246035164232535,0.45027894900191456,0.8742906820357021,0.38368407747764627,0.20951264421570423,0.4068032783066494,0.0
correlated_prompt_model,16,0.25,0.01317483923400875,0.003701043034246811,0.015625,0.65,2.1140328082298008,0.7995964241663369,0.4249987596098351,0.8894376244536288,0.3782327412581095,0.20103697442884558,0.42073028431304493,0.0
correlated_prompt_model,17,0.265625,0.012399848690831767,0.003318425295425527,0.015625,0.65,2.0821973726352834,0.7761957136990671,0.40233698669576345,0.9036646722404527,0.3727772034966568,0.19322711284884356,0.4339956836544996,0.0
correlated_prompt_model,18,0.28125,0.011710968208007778,0.00299398482313024,0.015625,0.65,2.0532226954324653,0.7542404609208704,0.38192207967904923,0.9170601548325454,0.3673446931006218,0.186011035494913,0.4466442714044651,0.0
correlated_prompt_model,19,0.296875,0.011094601460217896,0.0027163368290755207,0.015625,0.65,2.0267416573905512,0.7335917764828312,0.3634479546744029,0.929701926233317,0.36195623344878475,0.1793262369424752,0.45871752960874,0.0
correlated_prompt_model,20,0.3125,0.010539871387207002,0.002476772468768566,0.015625,0.65,2.0024479091651606,0.7141290010367741,0.3466602747598093,0.9416586333685771,0.3566280040385676,0.17311824850631707,0.47025374745511533,0.0
correlated_prompt_model,21,0.328125,0.010037972749720953,0.002268534420390539,0.015625,0.65,1.9800836290246415,0.6957466805701792,0.33134606837557645,0.9529908800788858,0.35137237153609174,0.1673394312839162,0.481288197179992,0.0
correlated_prompt_model,22,0.34375,0.009581701261097274,0.0020863121066342616,0.015625,0.65,1.9594301677172767,0.6783521404389874,0.31732575979198235,0.9637522674863068,0.3461986814407697,0.1619479811121132,0.491853337447117,2.220446049250313e-16
correlated_prompt_model,23,0.359375,0.009165105554093044,0.0019258834401861687,0.015625,0.65,1.9403008055757673,0.6618635230352419,0.30444697356300554,0.9739903089775199,0.34111387323721676,0.1569071005321072,0.501979026230676,0.0
correlated_prompt_model,24,0.375,0.008783226156005833,0.0017838563087237973,0.015625,0.65,1.9225350786237156,0.6462081875910576,0.2925796641692686,0.9837472268633893,0.3361229632562327,0.15218430468312572,0.5116927320606416,2.220446049250313e-16
correlated_prompt_model,25,0.390625,0.008431897109765602,0.0016574792039126694,0.015625,0.65,1.9059942862527206,0.6313213952005674,0.2816122493269236,0.9930606417252296,0.3312294269474315,0.14775083606393555,0.5210197369886329,2.220446049250313e-16
correlated_prompt_model,26,0.40625,0.008107593374774617,0.0015445005858100288,0.015625,0.65,1.8905578998309978,0.6171452202994309,0.27144851280209115,1.0019641667294756,0.3264355036968713,0.14358116872609755,0.5299833275770311,2.220446049250313e-16
correlated_prompt_model,27,0.421875,0.007807312138671852,0.0014430631218129244,0.015625,0.65,1.8761206660731549,0.6036276433597818,0.26200510367185414,1.0104879190415188,0.3217424413447854,0.1396525865365836,0.5386049721186309,2.220446049250313e-16
correlated_prompt_model,28,0.4375,0.007528479562290714,0.0013516232300535978,0.015625,0.65,1.8625902517486712,0.5907217896970698,0.25320950243761914,1.0186589596139821,0.31715069331135903,0.13594482318368,0.5469044835049609,2.220446049250313e-16
correlated_prompt_model,29,0.453125,0.007268876818763449,0.0012688892190990072,0.015625,0.6499999999999999,1.8498853142075395,0.578385286944169,0.24499835579339435,1.0265016714699762,0.31266007816919167,0.13243975391974372,0.5549001679110646,0.0
correlated_prompt_model,30,0.46875,0.007026580924804667,0.0011937732560262856,0.015625,0.65,1.8379339097936342,0.5665797195754696,0.23731610484719656,1.034038085370968,0.3082699092477629,0.1291211308429707,0.5626089599092664,0.0
correlated_prompt_model,31,0.484375,0.006799917024004516,0.0011253537301443837,0.015625,0.65,1.8266721725476842,0.5552701633292939,0.23011384864872458,1.0412881605696656,0.303979100176936,0.12597435495378556,0.5700465448692783,2.220446049250313e-16
correlated_prompt_model,32,0.5,0.006587419617004375,0.0010628455113031367,0.015625,0.65,1.816043210750551,0.5444247858234541,0.22334839766971648,1.0482700272573804,0.29978625101021095,0.1229862793723994,0.5772274696173896,2.220446049250313e-16
correlated_prompt_model,33,0.515625,0.0063878008407315156,0.0010055762602457156,0.015625,0.65,1.8059961802619326,0.5340145023375616,0.2169814815792256,1.0550001963451452,0.2956897186017918,0.12014503903754419,0.5841652423606639,2.220446049250313e-16
correlated_prompt_model,34,0.53125,0.006199924345415883,0.0009529674195089631,0.015625,0.65,1.7964855022777484,0.5240126778322269,0.21097908307368152,1.06149374137184,0.29168767416594,0.11743990296953856,0.5908724228645215,0.0
correlated_prompt_model,35,0.546875,0.006022783649832572,0.0009045188541089381,0.015625,0.65,1.7874701997768019,0.5143948679274116,0.2053108752451126,1.0677644566042777,0.28777815036672677,0.1148611458086123,0.5973607038246609,0.0
correlated_prompt_model,36,0.5625,0.005855484104003889,0.000859796360303949,0.015625,0.65,1.7789133320675685,0.5051385928726834,0.19994974442218355,1.0738249947727017,0.28395907983081925,0.11239993585847657,0.6036409843107042,0.0
correlated_prompt_model,37,0.578125,0.005697227776868649,0.0008184214445608313,0.015625,0.65,1.7707815108518414,0.4962231395884385,0.19487138390563308,1.07968698735777,0.2802283266159293,0.11004823729602271,0.609723436088048,0.0
correlated_prompt_model,38,0.59375,0.005547300730108948,0.0007800629117942282,0.015625,0.65,1.7630444843666708,0.4876293876977037,0.19005394676962087,1.085361149899346,0.27658371188113967,0.10779872456700544,0.6156175635518548,2.220446049250313e-16
correlated_prompt_model,39,0.609375,0.005405062249849744,0.000744429904848571,0.015625,0.65,1.7556747786516722,0.4793396561474621,0.1854777480827589,1.090857374421451,0.2730230347761712,0.10564470728753227,0.6213322579362964,2.220446049250313e-16
correlated_prompt_model,40,0.625,0.005269935693603501,0.0007112661151440991,0.015625,0.6499999999999999,1.74864738696619,0.47133756757068346,0.18112500864442418,1.0961848107510823,0.269544089382382,0.10358006422247679,0.6268758463951412,2.220446049250313e-16
correlated_prompt_model,41,0.640625,0.005141400676686342,0.0006803449439164094,0.015625,0.65,1.741939499963478,0.4636079279915945,0.1769796337298799,1.1013519382420034,0.26614467838941286,0.10159918512301404,0.632256136487573,2.220446049250313e-16
correlated_prompt_model,42,0.65625,0.0050189863748604764,0.000651465439239191,0.015625,0.6500000000000001,1.7355302705031321,0.456136619847649,0.1730270214653699,1.106366629190113,0.26282262407063317,0.09969691938315152,0.6374804565462152,0.0
correlated_prompt_model,43,0.671875,0.004902265761491629,0.0006244488694514955,0.015625,0.65,1.72940060801418,0.44891050660793924,0.16925389636837795,1.1112362050378626,0.25957577702219614,0.09786853062502808,0.6425556923527757,2.220446049250313e-16
correlated_prompt_model,44,0.6875,0.004790850630548637,0.0005991358212252938,0.015625,0.65,1.7235329981602299,0.4419173475220204,0.16564816433253807,1.1159674863056712,0.2564020230501773,0.09610965644948936,0.6474883205003332,2.220446049250313e-16
correlated_prompt_model,45,0.703125,0.004684387283203112,0.0005753837321650089,0.015625,0.65,1.7179113442439011,0.4351457212449958,0.1621987859453297,1.1205668370535755,0.25329928852441164,0.0944162726957937,0.6522844387797946,2.220446049250313e-16
correlated_prompt_model,46,0.71875,0.004582552777046522,0.0005530647849144706,0.015625,0.65,1.7125208273511678,0.42858495726217194,0.15889566552655807,1.1250402045624377,0.2502655444635283,0.09278466164544642,0.6569497938910253,2.220446049250313e-16
correlated_prompt_model,47,0.734375,0.004485051654130639,0.0005320641032996885,0.015625,0.65,1.7073477827009866,0.4222250741857605,0.15572955368768066,1.1293931548275453,0.24729880957107034,0.09121138368266125,0.6614898067462683,2.220446049250313e-16
correlated_prompt_model,48,0.75,0.0043916130780029166,0.0005122782018455272,0.015625,0.65,1.7023795900506424,0.41605672412203976,0.15269196155305112,1.1336309043755515,0.2443971524057469,0.0896932519900035,0.6659095956042496,2.220446049250313e-16
correlated_prompt_model,49,0.765625,0.00430198832130898,0.0004936136486703418,0.015625,0.65,1.6976045763275542,0.4100711424140901,0.14977508506737278,1.1377583488460914,0.24155869283835302,0.08822730991417495,0.6702139972474721,0.0
correlated_prompt_model,50,0.78125,0.004215948554882801,0.00047598590874406964,0.015625,0.65,1.6930119289257262,0.40426010215594665,0.1469717380496425,1.1417800887201368,0.2387816029225875,0.08681081068513267,0.6744075863922797,2.220446049250313e-16
correlated_prompt_model,51,0.796875,0.004133282896943922,0.00045931834014603797,0.015625,0.65,1.6885916183292102,0.3986158729514363,0.14427529285124985,1.145700452526524,0.2360641072859581,0.08544119921310762,0.6784946935009342,0.0
correlated_prompt_model,52,0.8125,0.004053796687387309,0.00044354132055298415,0.015625,0.65,1.6843343289134582,0.393131183457233,0.1416796276413907,1.1495235178148344,0.23340448312944898,0.08411609572357664,0.6824794211469744,2.220446049250313e-16
correlated_prompt_model,53,0.828125,0.003977309957436604,0.0004285914849391262,0.015625,0.65,1.6802313969345617,0.3877991873065778,0.13917907948227165,1.153253130145712,0.2308010599100125,0.08283328102081175,0.6863656590691756,2.220446049250313e-16
correlated_prompt_model,54,0.84375,0.003903656069335926,0.0004144110585458481,0.015625,0.65,1.6762747548510735,0.38261343205912823,0.13676840247408514,1.15689292031786,0.2282522187677527,0.08159068319694175,0.6901570980353054,0.0
correlated_prompt_model,55,0.859375,0.0038326805044389092,0.0004009472717103496,0.015625,0.65,1.6724568812375062,0.37756783086472473,0.13444273034923193,1.1604463200235495,0.2257563917494541,0.08038636562621172,0.6938572426243341,0.0
correlated_prompt_model,56,0.875,0.003764239781145357,0.00038815184523458674,0.015625,0.65,1.6687707556460556,0.3726566365655358,0.13219754297966335,1.1639165761008563,0.2233120608715748,0.0792185161037795,0.6974694230246457,2.220446049250313e-16
correlated_prompt_model,57,0.890625,0.003698200486739298,0.00037598053671072034,0.015625,0.65,1.665209817856343,0.36787441799287557,0.1300286363330563,1.1673067635304109,0.2209177570586555,0.07808543700543677,0.7009968059359075,4.440892098500626e-16
correlated_prompt_model,58,0.90625,0.0036344384093817245,0.00036439273966312546,0.015625,0.65,1.6617679310242817,0.3632160382426922,0.1279320954748121,1.1706197973067773,0.21857205898708906,0.07698553635943452,0.7044424046534764,0.0
correlated_prompt_model,59,0.921875,0.0035728377583752547,0.0003533511285726879,0.015625,0.65,1.6584393483024322,0.35867663473792044,0.12590427026526946,1.1738584432992423,0.21627359185915332,0.0759173197344505,0.7078090884063961,0.0
correlated_prompt_model,60,0.9375,0.0035132904624023335,0.0003428213438592122,0.015625,0.65,1.6552186825569544,0.35425160090702457,0.12394175344647326,1.1770253282034564,0.21402102612796914,0.07487938285895257,0.7110995910130782,2.220446049250313e-16
correlated_prompt_model,61,0.953125,0.0034556955367891808,0.0003327717117466732,0.015625,0.65,1.6521008788518,0.3499365693266046,0.12204136085142943,1.1801229486737657,0.21181307619048564,0.07387040489697423,0.71431651891254,2.220446049250313e-16
correlated_prompt_model,62,0.96875,0.003399958512002258,0.0003231729946516577,0.015625,0.65,1.6490811894102033,0.34572739619221615,0.12020011350205648,1.1831536797159306,0.2096484990625999,0.07288914231387617,0.7174623586235238,0.0
correlated_prompt_model,63,0.984375,0.003345990916573651,0.000313998168340361,0.015625,0.65,1.6461551507976837,0.3416201469958815,0.11841522139073504,1.1861197824110672,0.20752609304799813,0.07193442327313687,0.720539483678865,0.0
correlated_prompt_model,64,1.0,0.0032937098085021876,0.00030522222261247393,0.015625,0.65,1.6433185631005234,0.33761108330141754,0.11668406876521163,1.1890234110338942,0.20544469641019053,0.0710051425117833,0.7235501610780262,0.0
